0.1488,0.24224,0.17725,0.26209,0.12609,0.2521,0.25965,0.12629,0
0.19284,0.30324,0.22628,0.32221,0.17671,0.83768,0.79,0.80158,1
0.28801,0.36649,0.31687,0.38943,0.28158,0.65609,0.5674,0.98123,0.9923
0.40227,0.45604,0.43063,0.47448,0.39322,0.23753,0.24495,0.54176,0.21176
0.52881,0.55746,0.5468,0.56522,0.51876,0.41116,0.46551,0.27,0.15269
0.6401,0.64933,0.65384,0.65494,0.64146,0.74576,0.64394,0.44152,0.67451
0.739,0.73452,0.75159,0.72965,0.75029,0.57984,0.51034,0.64409,0.75738
0.81125,0.78181,0.81729,0.77346,0.83032,0.35006,0.37742,0.62199,0.43388
0.84276,0.79734,0.8467,0.79118,0.86741,0.41327,0.4287,0.50924,0.313
0.84298,0.79062,0.84406,0.78477,0.87042,0.62997,0.57405,0.49765,0.50749
0.81912,0.76511,0.8168,0.7527,0.84555,0.63755,0.54921,0.57257,0.69417
0.76652,0.71481,0.76577,0.69386,0.79506,0.39877,0.41091,0.50539,0.5008
0.6898,0.64439,0.69198,0.62064,0.72003,0.41135,0.42614,0.43542,0.32739
0.60286,0.56759,0.60734,0.54529,0.6338,0.57225,0.53,0.53578,0.47346
0.51556,0.49382,0.52448,0.47674,0.54844,0.606,0.54795,0.67728,0.65199
0.44009,0.41946,0.45194,0.404,0.4724,0.47541,0.44113,0.61528,0.57293
0.36945,0.34803,0.38462,0.33666,0.39404,0.48413,0.47154,0.45374,0.46219
0.30413,0.27847,0.3181,0.27803,0.32262,0.49755,0.50318,0.40227,0.43126
0.25275,0.22437,0.2649,0.23686,0.26119,0.4733,0.4446,0.53219,0.48212
0.21839,0.18823,0.2304,0.21503,0.21851,0.56696,0.49436,0.64054,0.57025
0.20376,0.1742,0.21089,0.20795,0.19632,0.61476,0.57707,0.58923,0.62032
0.20419,0.18051,0.20722,0.21861,0.18998,0.41668,0.43938,0.42337,0.42555
0.22295,0.21269,0.22206,0.25187,0.20218,0.32086,0.34062,0.47746,0.32777
0.26443,0.27843,0.26869,0.31554,0.23757,0.62137,0.53598,0.70283,0.54818
0.33413,0.36023,0.34171,0.39323,0.3036,0.79133,0.68672,0.7322,0.77202
0.415,0.4479,0.42177,0.47241,0.38376,0.40484,0.44933,0.41072,0.52522
0.49475,0.54629,0.5049,0.55759,0.46529,0.13559,0.20495,0.19162,0.17643
0.57904,0.65063,0.59277,0.64631,0.55265,0.63012,0.52535,0.47295,0.40248
0.65559,0.74178,0.68038,0.73476,0.6432,0.99763,0.8698,0.89698,0.87158
0.72821,0.80271,0.75816,0.78439,0.73312,0.31815,0.36584,0.82177,0.71705
0.75998,0.81753,0.79138,0.79525,0.78382,0,0.067474,0.38509,0.24535
0.76532,0.80896,0.80024,0.79392,0.79548,0.75917,0.68939,0.26662,0.3572
0.75328,0.77926,0.78532,0.76939,0.79465,1,0.86078,0.5332,0.69644
0.71315,0.71869,0.74351,0.70614,0.77059,0.21654,0.22561,0.69607,0.566
0.65399,0.64265,0.68044,0.63012,0.70783,0.12488,0.21262,0.6154,0.42385
0.58728,0.56805,0.6118,0.56023,0.63238,0.80811,0.74268,0.46626,0.56155
0.52758,0.49881,0.54793,0.49969,0.56295,0.77952,0.66879,0.40536,0.47898
0.47645,0.44011,0.48825,0.43909,0.50274,0.23414,0.23033,0.55659,0.33632
0.43157,0.39538,0.43441,0.38936,0.44214,0.37862,0.40755,0.78909,0.64216
0.40263,0.37476,0.40357,0.37038,0.39215,0.7398,0.71799,0.65242,0.77196
0.39291,0.37116,0.39291,0.37663,0.3726,0.49225,0.42119,0.25391,0.32547
0.40507,0.39243,0.4102,0.41011,0.37818,0.34098,0.3119,0.21892,0.14003
0.44016,0.44414,0.44902,0.46497,0.41088,0.64711,0.65042,0.69564,0.7012
0.48548,0.49474,0.49037,0.51389,0.46494,0.62605,0.58203,0.93025,0.91945
0.52022,0.52761,0.52154,0.5446,0.51304,0.32189,0.28899,0.61299,0.40699
0.54186,0.54672,0.54141,0.56514,0.54305,0.50235,0.48519,0.285,0.16865
0.55361,0.55962,0.55393,0.57231,0.56302,0.68195,0.65628,0.37142,0.57698
0.55166,0.56097,0.55847,0.56809,0.56998,0.4476,0.4187,0.58345,0.73655
0.54035,0.5485,0.54856,0.54968,0.56591,0.3584,0.3358,0.64113,0.43045
0.52441,0.53492,0.53436,0.52875,0.54802,0.63613,0.60585,0.612,0.35852
0.50841,0.52157,0.51911,0.49993,0.52774,0.6014,0.57177,0.58875,0.64079
0.48287,0.49064,0.49712,0.46886,0.49958,0.35538,0.33722,0.47113,0.61047
0.46127,0.46652,0.48099,0.45381,0.46891,0.45438,0.44266,0.39311,0.35854
0.45547,0.46303,0.48027,0.45624,0.45397,0.67422,0.63063,0.51651,0.40338
0.46083,0.47276,0.49119,0.46972,0.45614,0.54269,0.49908,0.69488,0.63824
0.47155,0.48229,0.50158,0.48665,0.4692,0.37218,0.36206,0.66184,0.62937
0.48583,0.49314,0.51172,0.5047,0.48562,0.52234,0.50014,0.47066,0.45826
0.5011,0.5051,0.52582,0.52407,0.50331,0.61594,0.58581,0.37845,0.40628
0.51607,0.51792,0.53853,0.53844,0.52251,0.46321,0.43492,0.48545,0.48011
0.52651,0.52838,0.54312,0.54714,0.53702,0.43011,0.40468,0.65546,0.58677
0.53146,0.5344,0.54042,0.55247,0.54603,0.59685,0.56742,0.67107,0.60503
0.53581,0.53413,0.54042,0.54771,0.5518,0.56165,0.53316,0.49964,0.4588
0.53327,0.52989,0.53563,0.53794,0.5474,0.39738,0.38425,0.41851,0.39991
0.52578,0.524,0.52973,0.52958,0.53789,0.48142,0.45362,0.53093,0.52611
0.51994,0.51993,0.52733,0.52651,0.52958,0.63721,0.59349,0.63163,0.61297
0.5197,0.51906,0.53028,0.52784,0.52648,0.50987,0.49365,0.55184,0.50895
0.5216,0.51917,0.53458,0.52848,0.52765,0.37667,0.36302,0.44869,0.42025
0.52368,0.5215,0.54233,0.53288,0.52817,0.55409,0.51226,0.48874,0.4747
0.52965,0.52412,0.55037,0.53631,0.53242,0.65002,0.61235,0.62027,0.58355
0.53411,0.52287,0.55498,0.53325,0.53579,0.43529,0.42412,0.63818,0.57461
0.53018,0.51736,0.55235,0.52769,0.53269,0.3711,0.36083,0.50354,0.46215
0.52431,0.51381,0.54879,0.52246,0.52718,0.63022,0.57973,0.39944,0.41663
0.51894,0.51161,0.54176,0.51535,0.52198,0.6418,0.59978,0.49055,0.52493
0.51123,0.50806,0.52796,0.50343,0.51495,0.342,0.348,0.6484,0.59041
0.49897,0.50153,0.51194,0.49212,0.50304,0.39561,0.37994,0.66614,0.52029
0.48819,0.50014,0.50151,0.48959,0.49174,0.71955,0.66373,0.54389,0.48323
0.48359,0.49886,0.4937,0.48784,0.48903,0.5937,0.55147,0.42209,0.51241
0.47883,0.49934,0.48732,0.4847,0.48703,0.29085,0.28952,0.42323,0.49217
0.47539,0.50642,0.48673,0.49275,0.48342,0.46625,0.47222,0.55196,0.4613
0.48254,0.52052,0.49197,0.50808,0.49084,0.70075,0.64323,0.69981,0.5577
0.49548,0.52841,0.49665,0.51615,0.50535,0.5451,0.47314,0.66396,0.61035
0.49869,0.52323,0.49665,0.51577,0.51259,0.3859,0.39755,0.47504,0.5043
0.49548,0.51581,0.49958,0.51413,0.51141,0.46661,0.48184,0.35853,0.38532
0.49442,0.51057,0.50168,0.51344,0.50923,0.56139,0.50153,0.47983,0.47507
0.49623,0.51156,0.50552,0.5175,0.50825,0.59079,0.5325,0.6628,0.61631
0.50293,0.51164,0.51099,0.51657,0.51236,0.48994,0.48851,0.6639,0.56997
0.5045,0.50023,0.5079,0.50525,0.51164,0.41607,0.40633,0.51099,0.4368
0.49587,0.48373,0.49859,0.4905,0.50068,0.53568,0.49779,0.43862,0.46161
0.48369,0.46935,0.48931,0.4769,0.48622,0.60137,0.5642,0.49702,0.53899
0.47252,0.45847,0.48078,0.46382,0.47301,0.46041,0.43954,0.57795,0.52406
0.46043,0.4472,0.47094,0.4541,0.46045,0.44007,0.42481,0.59656,0.49936
0.45083,0.44152,0.46388,0.44953,0.45176,0.59223,0.55484,0.55267,0.52528
0.44674,0.43738,0.46235,0.44446,0.44896,0.55457,0.52047,0.48369,0.50156
0.44368,0.43479,0.46222,0.44167,0.44678,0.42897,0.41116,0.50137,0.49325
0.44447,0.43731,0.46713,0.44772,0.44798,0.48365,0.46626,0.58073,0.52433
0.45453,0.44951,0.48558,0.46931,0.45899,0.58016,0.54936,0.60279,0.53034
0.47936,0.47751,0.51867,0.50408,0.48567,0.51898,0.48153,0.5428,0.5193
0.51724,0.5189,0.56398,0.54969,0.52469,0.46269,0.44036,0.48412,0.51408
0.56384,0.56958,0.61624,0.60371,0.57226,0.50796,0.48903,0.48925,0.48302
0.6155,0.62328,0.66699,0.65745,0.62511,0.53052,0.50185,0.5585,0.48316
0.66208,0.67062,0.70894,0.70452,0.67402,0.50367,0.47983,0.60137,0.54313
0.69919,0.70645,0.73845,0.73502,0.71353,0.50005,0.46788,0.55271,0.5587
0.72062,0.72395,0.74763,0.73946,0.73509,0.54354,0.50431,0.48673,0.47302
0.71575,0.71742,0.72976,0.71826,0.73131,0.54183,0.52692,0.52275,0.43421
0.68828,0.68774,0.68815,0.67544,0.70297,0.45583,0.44485,0.61211,0.5417
0.64036,0.63849,0.62716,0.61463,0.65361,0.43673,0.39624,0.59165,0.62575
0.57256,0.56817,0.55131,0.5387,0.58221,0.61104,0.5732,0.43886,0.48731
0.48987,0.4817,0.45923,0.44254,0.49486,0.58848,0.58033,0.41298,0.36709
0.4102,0.40127,0.37301,0.35562,0.41119,0.37052,0.33649,0.61048,0.52115
0.33705,0.33323,0.30312,0.28869,0.33568,0.4316,0.39755,0.74399,0.69246
0.28151,0.28904,0.2642,0.25769,0.27566,0.6731,0.67757,0.56803,0.53308
0.25976,0.27137,0.25351,0.25418,0.2516,0.51001,0.47296,0.38031,0.34903
0.26349,0.27629,0.26317,0.27057,0.2556,0.39309,0.31333,0.45615,0.45735
0.28514,0.30408,0.29635,0.31146,0.27985,0.60965,0.6281,0.63346,0.64614
0.3278,0.35013,0.34655,0.36499,0.32708,0.53862,0.554,0.60727,0.57467
0.38084,0.4032,0.40341,0.42186,0.38441,0.34941,0.25187,0.47025,0.40162
0.43358,0.45899,0.46302,0.48493,0.44183,0.5942,0.56741,0.47627,0.42188
0.48877,0.51406,0.51832,0.542,0.50279,0.68139,0.71036,0.61916,0.59215
0.53638,0.5527,0.56342,0.5763,0.55593,0.31669,0.26492,0.63544,0.61224
0.56775,0.57831,0.59563,0.60031,0.58581,0.38543,0.334,0.48253,0.45903
0.58793,0.59563,0.61705,0.61708,0.60566,0.74864,0.74835,0.40455,0.38947
0.60023,0.60224,0.62662,0.61998,0.6192,0.56903,0.55169,0.53232,0.51979
0.60185,0.59997,0.6268,0.61359,0.61982,0.26603,0.21323,0.67051,0.64385
0.59695,0.59562,0.62895,0.61258,0.61207,0.52995,0.5071,0.58006,0.53085
0.60108,0.59829,0.6397,0.6206,0.61019,0.71968,0.71879,0.43917,0.39554
0.60979,0.60446,0.6514,0.63103,0.61766,0.43078,0.38688,0.47498,0.45418
0.61991,0.61318,0.65946,0.63802,0.62751,0.32249,0.28266,0.60589,0.59455
0.62624,0.6193,0.66553,0.64314,0.63389,0.63821,0.62914,0.60659,0.58586
0.62991,0.61237,0.66175,0.62837,0.63832,0.66446,0.63383,0.50501,0.46141
0.61507,0.58922,0.63632,0.5943,0.62304,0.39495,0.35817,0.49534,0.42587
0.58268,0.55562,0.59922,0.55112,0.58872,0.36342,0.35956,0.55184,0.51084
0.54421,0.51833,0.55248,0.50117,0.54578,0.60826,0.56979,0.54369,0.6124
0.49637,0.46995,0.49252,0.44499,0.49648,0.70442,0.66093,0.44844,0.52947
0.44327,0.41196,0.42519,0.37597,0.44134,0.40732,0.41356,0.46746,0.35318
0.37835,0.34835,0.34505,0.30168,0.37348,0.28629,0.22886,0.71022,0.46441
0.30871,0.28867,0.27399,0.24329,0.30039,0.64584,0.62548,0.80697,0.72834
0.25397,0.24669,0.22771,0.21623,0.24299,0.71503,0.73439,0.43507,0.60256
0.2286,0.23418,0.20442,0.21608,0.21675,0.31718,0.22352,0.094235,0.25637
0.22436,0.25466,0.20452,0.25157,0.21709,0.3511,0.32791,0.38406,0.31336
0.25398,0.31439,0.24167,0.32626,0.25279,0.73047,0.78178,1,0.7581
0.32158,0.38037,0.32229,0.40329,0.32724,0.62572,0.54299,0.99426,0.80719
0.39194,0.44767,0.40926,0.48309,0.40383,0.37674,0.30776,0.35528,0.39075
0.46624,0.52739,0.49645,0.56868,0.48304,0.40625,0.45214,0,0.2028
0.54818,0.61547,0.58742,0.65416,0.56821,0.5569,0.53315,0.39064,0.48901
0.63167,0.71046,0.68169,0.74542,0.65352,0.65617,0.58736,0.96471,0.78608
0.7241,0.77899,0.77511,0.81211,0.74497,0.49629,0.46625,0.91341,0.62256
0.79323,0.82633,0.8449,0.84786,0.81201,0.38629,0.36358,0.43594,0.37844
0.83237,0.85007,0.88221,0.86171,0.84814,0.48421,0.51431,0.15932,0.35368
0.85175,0.85427,0.89652,0.85664,0.86204,0.57223,0.51039,0.39217,0.53214
0.85145,0.83879,0.88913,0.82966,0.8567,0.5599,0.475,0.75809,0.65187
0.82269,0.79344,0.84903,0.77932,0.82906,0.53425,0.58164,0.77754,0.55203
0.76936,0.71863,0.77689,0.70203,0.77795,0.44171,0.42407,0.48003,0.3951
0.68935,0.62429,0.68134,0.59727,0.69993,0.45103,0.36167,0.30827,0.45531
0.58393,0.51892,0.56775,0.48814,0.5948,0.69035,0.67394,0.45108,0.59365
0.47638,0.40457,0.45096,0.37144,0.48564,0.52271,0.55948,0.64264,0.49067
0.36379,0.29344,0.33164,0.25673,0.36933,0.24072,0.1845,0.68814,0.40301
0.25377,0.18941,0.21849,0.15658,0.25518,0.58651,0.50003,0.59723,0.60866
0.15413,0.099041,0.12089,0.074145,0.15567,0.86194,0.88754,0.42366,0.66161
0.071522,0.032016,0.046302,0.018888,0.073703,0.32029,0.33045,0.28635,0.28442
0.014329,0,0,0,0.018776,0.088743,0,0.49827,0.30254
0,0.028945,0.012558,0.05012,0,0.86318,0.83687,0.78955,0.78571
0.050129,0.10478,0.084963,0.1454,0.050062,0.88969,0.92099,0.70536,0.76423
0.13951,0.194,0.19038,0.25106,0.14508,0.084949,0.0058344,0.3676,0.15367
0.23979,0.30665,0.3059,0.37501,0.25043,0.23844,0.21767,0.45344,0.28264
0.36614,0.44107,0.44341,0.51551,0.37397,0.9719,1,0.76389,0.96745
0.50185,0.56648,0.57934,0.6415,0.5142,0.69663,0.58373,0.59152,0.73339
0.62642,0.68434,0.70212,0.75402,0.64015,0.096715,0.077954,0.24776,0.034447
0.74485,0.80624,0.81979,0.86299,0.75299,0.34239,0.42085,0.40863,0.28506
0.86272,0.91943,0.92724,0.9523,0.86239,0.83248,0.7656,0.81417,0.99911
0.9552,0.98502,0.9937,1,0.95213,0.69041,0.57723,0.74547,0.73568
1,1,1,0.98226,1,0.29856,0.27208,0.44001,0.099664
0.98079,0.96756,0.94842,0.91652,0.98224,0.36747,0.43717,0.4916,0.37584
0.91981,0.90469,0.88039,0.84552,0.91633,0.5874,0.60911,0.65249,0.8941
0.84968,0.82795,0.80323,0.76721,0.84526,0.57454,0.42733,0.46959,0.58118
0.76232,0.74296,0.72388,0.67702,0.76703,0.61178,0.54046,0.26876,0.13403
0.66712,0.64913,0.62353,0.57117,0.67716,0.53817,0.61488,0.52687,0.47543
0.55534,0.52509,0.49076,0.43788,0.57163,0.23675,0.22706,0.86194,0.85506
0.42286,0.38989,0.37678,0.32657,0.43865,0.47091,0.40392,0.73944,0.55321
0.31273,0.28791,0.3009,0.2547,0.3274,0.82437,0.79437,0.40787,0.27659
0.23769,0.21931,0.24755,0.20712,0.25546,0.52072,0.46695,0.30217,0.46139
0.19513,0.18485,0.21962,0.19269,0.20767,0.24376,0.25271,0.44011,0.60399
0.18895,0.18711,0.22236,0.21158,0.19298,0.51473,0.52325,0.62393,0.50704
0.20957,0.22037,0.25258,0.25528,0.21143,0.70534,0.62226,0.70207,0.49533
0.25275,0.26364,0.29407,0.31242,0.2546,0.53063,0.49422,0.59215,0.55735
0.31066,0.31748,0.34592,0.37532,0.31107,0.38123,0.39025,0.42711,0.50624
0.37447,0.38402,0.41114,0.44185,0.37335,0.42819,0.41536,0.42035,0.42469
0.43997,0.45554,0.47601,0.51169,0.43936,0.6217,0.56673,0.57259,0.48733
0.50612,0.52075,0.53132,0.57163,0.50897,0.62837,0.58341,0.66944,0.60577
0.56169,0.57,0.58121,0.60779,0.56889,0.39665,0.3971,0.55426,0.54407
0.59591,0.60071,0.6109,0.62321,0.6053,0.39149,0.37807,0.40762,0.41112
0.60706,0.61427,0.62186,0.62279,0.62104,0.58987,0.55109,0.4644,0.45978
0.60352,0.61305,0.62118,0.61167,0.62097,0.63412,0.5928,0.63042,0.59747
0.58995,0.58888,0.60615,0.58198,0.6101,0.4489,0.42628,0.65485,0.57376
0.56492,0.55804,0.58314,0.54853,0.58068,0.42276,0.41347,0.52916,0.45575
0.53331,0.5258,0.55412,0.51564,0.54746,0.51143,0.48231,0.47292,0.47594
0.50277,0.49721,0.52941,0.49085,0.51489,0.60032,0.55429,0.49107,0.52387
0.48001,0.47544,0.51074,0.47351,0.49041,0.53067,0.51932,0.51769,0.51828
0.46676,0.46312,0.49273,0.46066,0.47342,0.42468,0.39728,0.53712,0.51489
0.4581,0.46104,0.4772,0.45706,0.46081,0.49414,0.45189,0.57782,0.51023
0.45645,0.46873,0.47477,0.47043,0.45735,0.58151,0.59311,0.60279,0.46543
0.47188,0.48636,0.48516,0.49124,0.47064,0.48452,0.43027,0.60324,0.5266
0.49088,0.51229,0.50089,0.51346,0.49126,0.49929,0.44542,0.5213,0.60896
0.51257,0.54244,0.5194,0.53733,0.5132,0.5804,0.60442,0.36777,0.45812
0.53798,0.57164,0.53722,0.55828,0.53687,0.46408,0.42689,0.39606,0.3326
0.55824,0.59876,0.54884,0.57746,0.5577,0.40153,0.34285,0.70093,0.58483
0.57801,0.62619,0.57131,0.60617,0.57694,0.62535,0.63201,0.82053,0.7459
0.60695,0.63768,0.59984,0.61817,0.60572,0.58329,0.55483,0.5186,0.45181
0.6188,0.63361,0.61241,0.61604,0.6178,0.42718,0.37129,0.29821,0.30442
0.6156,0.61654,0.608,0.59983,0.61559,0.43391,0.43111,0.46272,0.56898
0.5974,0.58402,0.5974,0.57847,0.59922,0.56762,0.5526,0.65043,0.66178
0.57284,0.54731,0.58068,0.55346,0.5776,0.56751,0.51977,0.62397,0.45825
0.54312,0.50831,0.55562,0.52338,0.55241,0.51317,0.48183,0.52905,0.41134
0.50801,0.46419,0.52513,0.4864,0.52222,0.458,0.44143,0.49075,0.56348
0.46671,0.42172,0.4892,0.44975,0.48533,0.49463,0.48283,0.4866,0.56231
0.42742,0.38451,0.45245,0.41779,0.44884,0.53914,0.50234,0.50566,0.40995
0.39364,0.35749,0.42,0.39214,0.41713,0.54157,0.49052,0.59677,0.46234
0.36629,0.34136,0.39345,0.37521,0.3917,0.52749,0.52449,0.65132,0.63716
0.3499,0.33998,0.37933,0.37252,0.375,0.44781,0.442,0.49939,0.53168
0.35246,0.36145,0.38259,0.3885,0.37243,0.46429,0.39764,0.35676,0.3554
0.37298,0.401,0.40059,0.42254,0.38847,0.59306,0.57324,0.4688,0.48122
0.41191,0.45668,0.43426,0.46858,0.42237,0.58257,0.58549,0.7171,0.69158
0.4649,0.50272,0.48296,0.50629,0.46813,0.40009,0.35249,0.68052,0.50193
0.51222,0.5485,0.52979,0.541,0.50538,0.479,0.43739,0.54555,0.41152
0.55199,0.58523,0.56695,0.57056,0.53965,0.63887,0.64067,0.46221,0.58399
0.58,0.60715,0.5897,0.58764,0.56886,0.49483,0.4687,0.40784,0.56908
0.59657,0.6208,0.60542,0.598,0.5859,0.41514,0.35881,0.4625,0.38011
0.60846,0.62496,0.615,0.59624,0.59652,0.5586,0.54939,0.67631,0.46354
0.61101,0.62361,0.61746,0.59064,0.59533,0.59289,0.58218,0.81411,0.72482
0.59742,0.59711,0.60001,0.57115,0.59035,0.40686,0.35773,0.55796,0.57091
0.5707,0.56466,0.57641,0.55233,0.57141,0.48963,0.46089,0.28173,0.31492
0.54721,0.53953,0.55247,0.5366,0.5528,0.59496,0.59674,0.36183,0.40736
0.52566,0.51751,0.52993,0.51754,0.53696,0.50396,0.45844,0.66152,0.65769
0.49933,0.49418,0.50444,0.49992,0.51747,0.46517,0.42315,0.73536,0.61333
0.4773,0.47308,0.48217,0.48405,0.49938,0.54992,0.55268,0.57585,0.44336
0.46187,0.44613,0.46445,0.46594,0.4831,0.52651,0.48711,0.42194,0.42174
0.44398,0.42535,0.44965,0.45217,0.46494,0.4946,0.45866,0.43378,0.53142
0.43329,0.41729,0.4427,0.4441,0.45144,0.51895,0.50989,0.51793,0.55347
0.43141,0.42176,0.44341,0.44361,0.44398,0.50548,0.46701,0.59541,0.49675
0.4378,0.43124,0.45575,0.45347,0.44413,0.50588,0.4787,0.61901,0.46185
0.45279,0.45196,0.48028,0.47584,0.45452,0.51038,0.50152,0.5815,0.51848
0.47643,0.48341,0.51349,0.50821,0.47699,0.48211,0.4449,0.48706,0.58152
0.50741,0.52252,0.54826,0.54553,0.50909,0.51481,0.47144,0.39105,0.49387
0.54327,0.56888,0.58406,0.58694,0.54573,0.57604,0.56558,0.45922,0.39306
0.58004,0.61034,0.62155,0.61941,0.58633,0.48856,0.47693,0.67168,0.48995
0.60855,0.64196,0.65024,0.64292,0.61805,0.47434,0.42002,0.75314,0.67182
0.62684,0.65486,0.66561,0.65431,0.64111,0.56849,0.53977,0.5216,0.59647
0.63632,0.65583,0.66576,0.65039,0.65238,0.54474,0.54225,0.28968,0.35126
0.63291,0.64335,0.64843,0.62928,0.64867,0.40324,0.38253,0.41518,0.33893
0.61142,0.61342,0.61129,0.58885,0.62789,0.48853,0.42935,0.77465,0.66064
0.57386,0.5649,0.56515,0.53898,0.58786,0.69331,0.6566,0.80079,0.7608
0.52597,0.50511,0.51408,0.48568,0.53825,0.44714,0.47908,0.4246,0.42988
0.47623,0.45058,0.46614,0.44293,0.48512,0.2479,0.20487,0.2084,0.21701
0.43523,0.41847,0.4255,0.41958,0.44235,0.63804,0.57472,0.49792,0.5246
0.41187,0.40309,0.40244,0.40838,0.41884,0.85614,0.84296,0.84576,0.81904
0.40325,0.37973,0.38986,0.38478,0.40727,0.36702,0.34392,0.71086,0.53815
0.38596,0.35798,0.36985,0.36232,0.38329,0.15221,0.15322,0.41189,0.2709
0.36937,0.35022,0.36175,0.36232,0.36042,0.65941,0.61663,0.36075,0.45159
0.3614,0.35449,0.36296,0.36846,0.36018,0.86375,0.79905,0.53229,0.70578
0.3642,0.36538,0.37047,0.37894,0.36633,0.38435,0.3963,0.59607,0.54043
0.37877,0.38118,0.38661,0.386,0.37716,0.11757,0.10383,0.56456,0.327
0.39553,0.4084,0.40457,0.40315,0.38475,0.65314,0.58625,0.59321,0.50765
0.41778,0.44729,0.43288,0.4422,0.40254,0.91856,0.92096,0.58738,0.70439
0.45281,0.4804,0.4711,0.47498,0.44204,0.28822,0.26013,0.44525,0.49181
0.48158,0.51837,0.50776,0.51345,0.47508,0.17481,0.12285,0.40988,0.30284
0.51535,0.56281,0.54516,0.56628,0.51344,0.79586,0.82031,0.60845,0.52469
0.56088,0.60667,0.58932,0.61013,0.56592,0.76277,0.69982,0.72312,0.71839
0.59691,0.6342,0.61748,0.63169,0.6093,0.2243,0.15827,0.54239,0.52595
0.61663,0.64399,0.63496,0.64571,0.63059,0.36835,0.41357,0.3729,0.35335
0.62736,0.64707,0.64652,0.65365,0.64457,0.71757,0.69432,0.45928,0.46037
0.629,0.63955,0.64662,0.65,0.65288,0.5832,0.49638,0.65389,0.61838
0.62204,0.62088,0.64145,0.63703,0.64982,0.39748,0.38173,0.67543,0.59881
0.61047,0.59227,0.63132,0.61073,0.63755,0.45029,0.4674,0.4859,0.44457
0.58516,0.55823,0.61333,0.58102,0.61178,0.5863,0.54455,0.37486,0.39837
0.55958,0.53268,0.595,0.55679,0.58239,0.56165,0.50873,0.51228,0.52322
0.53944,0.51617,0.58178,0.54168,0.55815,0.44806,0.43093,0.68409,0.60541
0.53117,0.51573,0.58541,0.54322,0.54288,0.46346,0.46719,0.63629,0.52547
0.53606,0.52624,0.59796,0.55752,0.5441,0.55008,0.50211,0.47585,0.45977
0.55112,0.5456,0.61366,0.57617,0.55804,0.57328,0.51396,0.41108,0.47388
0.56982,0.56831,0.62419,0.59002,0.57621,0.47031,0.49014,0.49937,0.51416
0.58334,0.58459,0.62234,0.59643,0.58955,0.43541,0.41816,0.60205,0.54226
0.58614,0.59044,0.60458,0.58712,0.59536,0.54094,0.46471,0.60448,0.54115
0.57694,0.58907,0.57782,0.57099,0.58558,0.67519,0.65431,0.52868,0.47725
0.56309,0.57606,0.53513,0.54213,0.5691,0.44276,0.4664,0.52767,0.4704
0.54186,0.55399,0.4869,0.51,0.5402,0.27003,0.22027,0.60023,0.55997
0.51179,0.52423,0.45508,0.48064,0.5082,0.60596,0.54099,0.56047,0.55884
0.47426,0.48715,0.4167,0.44388,0.47909,0.80607,0.81511,0.44544,0.46424
0.43735,0.44704,0.37339,0.39455,0.44247,0.39018,0.37498,0.44368,0.44681
0.39537,0.39639,0.32455,0.34293,0.39321,0.16429,0.10443,0.61704,0.56908
0.35306,0.35206,0.29905,0.32135,0.34149,0.65948,0.64729,0.6794,0.57458
0.33433,0.33283,0.30938,0.32142,0.31978,0.83165,0.83402,0.57425,0.49083
0.32957,0.32109,0.3267,0.32419,0.31968,0.38615,0.31647,0.44175,0.45561
0.32796,0.3119,0.34194,0.32664,0.32241,0.25745,0.21903,0.45905,0.52194
0.32561,0.31084,0.36054,0.34016,0.32487,0.63768,0.67091,0.54712,0.52907
0.33591,0.3245,0.38822,0.36499,0.33854,0.65959,0.6188,0.58717,0.47863
0.35788,0.35321,0.42162,0.39871,0.36356,0.40837,0.33145,0.57066,0.5092
0.38951,0.39717,0.46107,0.44245,0.39761,0.43405,0.44031,0.51992,0.54828
0.43087,0.4511,0.50439,0.49454,0.4417,0.58439,0.58287,0.4873,0.48267
0.47932,0.50864,0.55171,0.54709,0.49418,0.53752,0.47634,0.52351,0.43815
0.53094,0.5738,0.59999,0.60475,0.54699,0.47254,0.44559,0.6129,0.55966
0.5859,0.63673,0.64721,0.66058,0.60484,0.49169,0.48842,0.58645,0.59933
0.64035,0.69058,0.69173,0.71113,0.66067,0.54976,0.51011,0.4666,0.45479
0.69312,0.74068,0.73281,0.75564,0.71113,0.54468,0.51685,0.47696,0.42551
0.73958,0.77266,0.76594,0.77985,0.7554,0.45013,0.43093,0.60535,0.57504
0.76582,0.77554,0.77882,0.78437,0.77938,0.50505,0.4695,0.62883,0.61995
0.76919,0.75418,0.76809,0.76262,0.78366,0.57376,0.55108,0.50741,0.4751
0.74536,0.70926,0.7337,0.71581,0.76183,0.51164,0.48011,0.46402,0.4154
0.70059,0.64779,0.68099,0.64862,0.71506,0.43298,0.41632,0.56172,0.53049
0.63851,0.5767,0.61432,0.57499,0.64817,0.52355,0.50498,0.60916,0.59579
0.56868,0.50272,0.54477,0.49494,0.57492,0.58257,0.5256,0.50449,0.49596
0.49436,0.43245,0.47022,0.4177,0.4954,0.55109,0.53762,0.44407,0.42292
0.42384,0.37635,0.40212,0.35284,0.4186,0.40385,0.40771,0.54235,0.47241
0.3634,0.3372,0.34812,0.3088,0.35409,0.42435,0.36182,0.66614,0.57649
0.31882,0.3209,0.31691,0.29435,0.31015,0.6607,0.63334,0.62328,0.59848
0.30142,0.33263,0.31127,0.30741,0.29562,0.60998,0.61909,0.42365,0.45761
0.31164,0.36116,0.32801,0.33156,0.30836,0.31218,0.23937,0.35195,0.37122
0.33527,0.40573,0.36261,0.37993,0.33214,0.46679,0.44961,0.5463,0.53266
0.38106,0.46753,0.41609,0.44741,0.38002,0.68305,0.71563,0.7557,0.69445
0.43793,0.51359,0.47287,0.509,0.44701,0.51428,0.42331,0.63386,0.49911
0.48956,0.55063,0.52197,0.55771,0.5081,0.43247,0.38212,0.45974,0.38714
0.53348,0.58061,0.56557,0.5928,0.55639,0.54096,0.5911,0.45769,0.5389
0.56249,0.59376,0.58969,0.60636,0.59109,0.47019,0.42681,0.52409,0.59387
0.57709,0.5915,0.59878,0.61039,0.60444,0.50462,0.42975,0.53723,0.45633
0.58157,0.57639,0.59643,0.60373,0.60829,0.61449,0.61144,0.57339,0.46199
0.57995,0.55409,0.58626,0.58199,0.60154,0.47383,0.4712,0.60411,0.57763
0.56175,0.52394,0.56554,0.55337,0.57961,0.36734,0.32897,0.55087,0.53908
0.54008,0.49826,0.54341,0.52738,0.55071,0.58298,0.53673,0.49062,0.44566
0.52188,0.4799,0.52172,0.50446,0.52421,0.66777,0.64914,0.48589,0.46962
0.50202,0.46482,0.50238,0.48708,0.50073,0.43144,0.42731,0.52846,0.55821
0.48625,0.46024,0.49311,0.47908,0.48277,0.33516,0.29449,0.56256,0.54318
0.48121,0.46968,0.49823,0.48725,0.47439,0.60921,0.56623,0.56594,0.45718
0.49388,0.48898,0.5162,0.50326,0.48234,0.70115,0.6918,0.57388,0.49821
0.51064,0.50817,0.53192,0.51434,0.49842,0.39516,0.36982,0.51371,0.56711
0.52095,0.52291,0.54162,0.52211,0.50969,0.3133,0.27768,0.42163,0.50632
0.52698,0.53506,0.55038,0.53146,0.51787,0.63244,0.61132,0.45463,0.4084
0.5351,0.54584,0.55709,0.53623,0.52777,0.71248,0.68369,0.66586,0.49755
0.53626,0.54182,0.55191,0.52765,0.53357,0.38203,0.35612,0.7785,0.64811
0.52534,0.52614,0.53871,0.5126,0.52675,0.32221,0.2948,0.55938,0.57714
0.51141,0.50824,0.52165,0.49635,0.51464,0.63667,0.6107,0.25021,0.36945
0.49661,0.4931,0.50313,0.48144,0.50254,0.70217,0.68086,0.28794,0.37314
0.48206,0.47854,0.48009,0.46319,0.49295,0.37962,0.34086,0.6933,0.63317
0.4633,0.4639,0.46269,0.45378,0.48032,0.33476,0.31089,0.89677,0.67627
0.45708,0.46595,0.46739,0.46551,0.47574,0.61747,0.61002,0.63796,0.44168
0.47005,0.48669,0.48719,0.49017,0.48985,0.66692,0.62074,0.35715,0.41229
0.49067,0.51336,0.5104,0.51823,0.51343,0.43525,0.40063,0.34605,0.55161
0.51008,0.53946,0.53161,0.54713,0.53634,0.37047,0.36613,0.49457,0.5289
0.52996,0.56577,0.55216,0.57394,0.55699,0.55471,0.5197,0.64605,0.46785
0.54835,0.589,0.5712,0.59813,0.57392,0.65523,0.62323,0.70012,0.5552
0.56685,0.60414,0.58911,0.61082,0.5889,0.48934,0.47284,0.58142,0.5743
0.57368,0.59935,0.59331,0.60582,0.59351,0.3694,0.3291,0.4156,0.44588
0.56364,0.58025,0.58045,0.58963,0.58104,0.54828,0.52959,0.44748,0.45497
0.54345,0.54434,0.5528,0.55288,0.55277,0.63631,0.62315,0.58007,0.55556
0.50141,0.48912,0.50276,0.49346,0.50307,0.47146,0.42336,0.6219,0.55298
0.46101,0.4405,0.46121,0.44277,0.45762,0.39428,0.36811,0.54892,0.47624
0.42841,0.40298,0.43339,0.40986,0.41979,0.54953,0.54001,0.48706,0.47745
0.40796,0.37972,0.41514,0.38957,0.39475,0.59071,0.56034,0.52318,0.55136
0.39723,0.37037,0.40656,0.38121,0.38242,0.49044,0.45007,0.56205,0.52863
0.39699,0.37312,0.40953,0.38445,0.38265,0.46739,0.44177,0.55041,0.46204
0.40776,0.39249,0.42495,0.40324,0.39487,0.52589,0.52143,0.53393,0.50727
0.4317,0.42694,0.45259,0.43758,0.42099,0.5234,0.48575,0.52822,0.56688
0.46663,0.4695,0.48938,0.47968,0.45981,0.50661,0.4638,0.52743,0.49417
0.50439,0.51283,0.52541,0.5223,0.50273,0.53454,0.52933,0.57281,0.44631
0.53817,0.54961,0.554,0.55434,0.54314,0.5091,0.48138,0.62468,0.56246
0.56035,0.57276,0.57223,0.57283,0.57087,0.48359,0.43534,0.54514,0.60496
0.57145,0.58582,0.58575,0.58732,0.58438,0.52274,0.5152,0.39651,0.43884
0.5785,0.59717,0.59438,0.59915,0.59413,0.49429,0.48013,0.45092,0.3885
0.58184,0.60543,0.5969,0.60737,0.6022,0.48514,0.42409,0.66406,0.57728
0.58717,0.61061,0.60102,0.61114,0.60765,0.59303,0.57838,0.69581,0.6588
0.58952,0.60661,0.60029,0.60425,0.60958,0.53386,0.53321,0.47567,0.45705
0.58006,0.59467,0.59256,0.59258,0.60139,0.40187,0.34298,0.37461,0.34914
0.56932,0.58847,0.58539,0.58611,0.58886,0.4837,0.46248,0.55962,0.54238
0.56614,0.58853,0.58645,0.59075,0.58173,0.62364,0.6246,0.69487,0.66654
0.57406,0.58436,0.59345,0.58825,0.58596,0.52245,0.46359,0.54236,0.4917
0.5753,0.57505,0.59152,0.57639,0.5832,0.45624,0.42411,0.38397,0.36947
0.56391,0.55717,0.57628,0.55454,0.57133,0.48111,0.48911,0.48155,0.5128
0.54411,0.53156,0.55084,0.52573,0.54959,0.51204,0.47022,0.66246,0.63163
0.51711,0.5006,0.52431,0.49744,0.52115,0.55496,0.50611,0.63427,0.50949
0.48921,0.47015,0.49501,0.46882,0.49334,0.55763,0.55642,0.5047,0.43143
0.46105,0.44113,0.46514,0.43757,0.4654,0.44767,0.42643,0.4624,0.51651
0.4312,0.414,0.43571,0.4109,0.43485,0.44755,0.40132,0.50059,0.54571
0.40461,0.39198,0.40723,0.38938,0.40892,0.57492,0.54322,0.55941,0.48932
0.38141,0.37398,0.38424,0.37542,0.38799,0.59323,0.58773,0.59916,0.50412
0.36603,0.36601,0.37037,0.36793,0.37455,0.43925,0.41775,0.5804,0.55547
0.36199,0.37162,0.37362,0.37657,0.36743,0.41836,0.36075,0.49733,0.49846
0.37495,0.39185,0.39351,0.40559,0.37637,0.56112,0.5361,0.49076,0.46355
0.40407,0.42871,0.42708,0.44848,0.40551,0.61734,0.62503,0.55385,0.52433
0.44552,0.47118,0.47226,0.49288,0.44843,0.47244,0.43868,0.56271,0.55177
0.48876,0.51184,0.51647,0.53183,0.49266,0.40853,0.34389,0.52607,0.49795
0.52741,0.54949,0.55454,0.56681,0.53135,0.56125,0.54731,0.53639,0.46692
0.56214,0.58007,0.58972,0.59856,0.56597,0.59825,0.62636,0.58223,0.51979
0.5922,0.60458,0.61984,0.6201,0.59746,0.42593,0.35821,0.55425,0.56083
0.61344,0.61878,0.63791,0.62731,0.61883,0.47003,0.38733,0.45711,0.50373
0.62158,0.61824,0.64037,0.62245,0.62612,0.64485,0.70196,0.4538,0.4388
0.61668,0.60511,0.62614,0.60387,0.62144,0.47516,0.47071,0.60102,0.49439
0.59808,0.58266,0.6018,0.57366,0.6032,0.33322,0.19266,0.69872,0.59908
0.56945,0.55528,0.57601,0.54786,0.57331,0.64451,0.65595,0.55236,0.5557
0.54432,0.53179,0.54873,0.5234,0.54777,0.67871,0.75666,0.36393,0.42617
0.51957,0.50835,0.51806,0.49523,0.52339,0.29851,0.18336,0.42745,0.42599
0.49123,0.48636,0.49025,0.47434,0.4952,0.3821,0.28596,0.66861,0.57429
0.46917,0.47242,0.47055,0.46539,0.47409,0.78171,0.87156,0.73681,0.63852
0.45486,0.45706,0.45584,0.45304,0.46487,0.57036,0.56669,0.49848,0.4752
0.43975,0.44292,0.44193,0.43915,0.45225,0.24825,0.10457,0.32556,0.37036
0.42646,0.43527,0.43216,0.43289,0.43828,0.50759,0.49791,0.47203,0.51248
0.41951,0.4341,0.43143,0.43999,0.43207,0.76373,0.84387,0.70895,0.65113
0.42592,0.44076,0.44254,0.44906,0.43943,0.44458,0.37006,0.67061,0.51308
0.43822,0.45062,0.46013,0.46253,0.4488,0.30112,0.18256,0.49284,0.39665
0.45413,0.46627,0.48191,0.48483,0.46256,0.62371,0.67256,0.45502,0.53409
0.47811,0.49152,0.51048,0.51222,0.48497,0.65982,0.70093,0.47718,0.58645
0.5056,0.52053,0.53785,0.53892,0.51229,0.35242,0.21581,0.50208,0.45129
0.53341,0.55241,0.56515,0.56933,0.53873,0.43423,0.38781,0.60099,0.44836
0.56433,0.58957,0.5937,0.60454,0.56882,0.67707,0.76639,0.70801,0.61088
0.59694,0.61857,0.62081,0.62837,0.60364,0.5217,0.46172,0.57952,0.56525
0.6169,0.6296,0.6352,0.63486,0.62718,0.3842,0.27041,0.40135,0.4292
0.6228,0.62803,0.6328,0.62881,0.63344,0.56242,0.6079,0.42641,0.47012
0.6153,0.60935,0.61235,0.60142,0.62732,0.57473,0.58242,0.57364,0.55953
0.58884,0.57347,0.57808,0.56054,0.59997,0.44639,0.35103,0.62972,0.53148
0.54927,0.52772,0.53448,0.51242,0.55931,0.47821,0.45076,0.60866,0.51837
0.50021,0.47494,0.49067,0.46309,0.5115,0.57788,0.59694,0.52779,0.50794
0.45211,0.42701,0.44992,0.41614,0.46261,0.49204,0.45728,0.48204,0.47788
0.40935,0.38808,0.41236,0.37738,0.41604,0.4614,0.38826,0.52763,0.50436
0.37338,0.35761,0.38108,0.3512,0.3776,0.55879,0.55972,0.57416,0.55861
0.3494,0.34209,0.36292,0.34375,0.35153,0.54705,0.56608,0.50585,0.50011
0.34249,0.34757,0.36284,0.35275,0.34405,0.43183,0.34142,0.47443,0.44645
0.35232,0.37256,0.37988,0.38098,0.35285,0.50128,0.46738,0.58062,0.52239
0.38008,0.40968,0.41269,0.42562,0.38085,0.61374,0.65588,0.65786,0.58422
0.42332,0.452,0.45305,0.47169,0.42522,0.49048,0.42644,0.55301,0.5025
0.46959,0.49543,0.49664,0.52131,0.47117,0.41979,0.35087,0.42407,0.44126
0.51918,0.54521,0.54585,0.57481,0.52073,0.52979,0.56201,0.44511,0.50581
0.57388,0.59684,0.60036,0.62382,0.57426,0.56308,0.53259,0.57309,0.56331
0.62623,0.63706,0.64925,0.66186,0.62329,0.52544,0.44774,0.63472,0.50822
0.6648,0.66402,0.68216,0.68397,0.66134,0.49612,0.51808,0.60659,0.48692
0.68673,0.68025,0.70181,0.69164,0.68334,0.44171,0.42465,0.50646,0.53095
0.69127,0.68236,0.70565,0.68533,0.69088,0.4897,0.3955,0.40805,0.51534
0.68136,0.67292,0.69337,0.66597,0.68439,0.6445,0.64348,0.43955,0.45105
0.66066,0.65244,0.66375,0.63131,0.66495,0.56726,0.62259,0.64276,0.50031
0.62359,0.61354,0.61622,0.58185,0.63026,0.30223,0.21218,0.75973,0.59079
0.57068,0.56329,0.56512,0.53371,0.58093,0.44243,0.31979,0.55576,0.53164
0.5164,0.51277,0.51421,0.48562,0.53289,0.76715,0.85476,0.31214,0.44315
0.46086,0.45901,0.45758,0.43357,0.4849,0.59296,0.65713,0.36711,0.46792
0.40005,0.39908,0.39264,0.37335,0.43284,0.20743,0.0042056,0.6673,0.55609
0.34274,0.34233,0.33862,0.32776,0.37262,0.46323,0.39938,0.78559,0.56075
0.30113,0.30574,0.30978,0.31016,0.32698,0.81001,0.98287,0.58404,0.52006
0.28471,0.28869,0.30497,0.30611,0.30944,0.51524,0.4476,0.31086,0.46919
0.2854,0.29103,0.31459,0.31667,0.30548,0.26029,0.072303,0.33922,0.45086
0.3045,0.31887,0.34056,0.34962,0.31622,0.54323,0.61415,0.6738,0.51763
0.34475,0.36263,0.38364,0.39569,0.34919,0.68053,0.73833,0.85025,0.58499
0.39694,0.41456,0.43522,0.44676,0.39516,0.47355,0.34336,0.61393,0.56112
0.45264,0.47073,0.4872,0.49973,0.44594,0.43111,0.39438,0.24977,0.44682
0.50932,0.52828,0.53753,0.55252,0.4986,0.51758,0.55874,0.24534,0.40009
0.56746,0.58804,0.58684,0.60341,0.55106,0.54031,0.48376,0.64411,0.53452
0.61847,0.63799,0.62718,0.6437,0.60179,0.53114,0.48151,0.91442,0.65244
0.64926,0.66843,0.65083,0.66804,0.64204,0.52969,0.54829,0.69697,0.54909
0.66509,0.67008,0.66044,0.66354,0.6665,0.46525,0.4281,0.29717,0.38504
0.65654,0.65145,0.64729,0.64062,0.66219,0.50239,0.43952,0.28344,0.46558
0.63089,0.61956,0.61834,0.60575,0.63955,0.5571,0.56094,0.58344,0.60437
0.59372,0.57828,0.58149,0.56554,0.60494,0.50111,0.50462,0.73754,0.53098
0.55247,0.53735,0.54907,0.52541,0.56509,0.45134,0.36576,0.62485,0.44375
0.51219,0.49603,0.51722,0.48531,0.52528,0.56951,0.53719,0.47249,0.54013
0.47493,0.45811,0.48643,0.45065,0.48548,0.57897,0.6338,0.40957,0.56188
0.44113,0.42554,0.45823,0.42423,0.45099,0.39273,0.33533,0.46919,0.4128
0.4169,0.40535,0.43714,0.40774,0.42465,0.43789,0.31203,0.63922,0.44239
0.40891,0.40865,0.43553,0.4128,0.40808,0.72989,0.80983,0.71558,0.66417
0.4164,0.41948,0.44615,0.42306,0.41302,0.5459,0.58443,0.4863,0.58577
0.42789,0.43261,0.45941,0.44083,0.42311,0.25294,0.080717,0.3045,0.31668
0.4432,0.45368,0.4764,0.46942,0.44079,0.5062,0.46888,0.53103,0.41887
0.46911,0.48784,0.50261,0.50876,0.46928,0.81368,0.93924,0.82259,0.74918
0.50352,0.51604,0.53129,0.53624,0.50858,0.43122,0.35174,0.58765,0.60939
0.52783,0.53666,0.55131,0.55788,0.536,0.26438,0.12106,0.2463,0.274
0.54597,0.56002,0.56807,0.5821,0.55762,0.60105,0.67023,0.41831,0.3895
0.5663,0.58661,0.58336,0.60483,0.58174,0.70035,0.72329,0.84527,0.74255
0.58472,0.59975,0.59485,0.61138,0.6044,0.44208,0.31977,0.76658,0.64577
0.58966,0.6,0.59675,0.6111,0.61085,0.40497,0.40977,0.35388,0.34123
0.59015,0.59839,0.59206,0.60344,0.6105,0.51245,0.51652,0.25712,0.36888
0.58319,0.59482,0.58083,0.58806,0.60275,0.57068,0.49073,0.56613,0.61217
0.56923,0.58618,0.56717,0.57238,0.58734,0.58809,0.59938,0.78648,0.64567
0.55616,0.56496,0.54931,0.54362,0.5716,0.43698,0.42862,0.64278,0.47064
0.52998,0.53033,0.52677,0.5112,0.54285,0.40823,0.31731,0.41812,0.41219
0.5017,0.50102,0.50565,0.48419,0.51042,0.60069,0.6028,0.40237,0.51002
0.47823,0.47801,0.48538,0.46115,0.48346,0.61692,0.63683,0.55462,0.57648
0.45615,0.45241,0.46436,0.43996,0.46043,0.40283,0.32905,0.61743,0.51196
0.43796,0.43021,0.44847,0.42384,0.43927,0.43377,0.38756,0.56192,0.46492
0.42481,0.41432,0.44055,0.41638,0.42309,0.62173,0.63603,0.50879,0.50533
0.41814,0.40428,0.43489,0.41281,0.41557,0.55861,0.54188,0.53122,0.54683
0.41494,0.40096,0.4319,0.41284,0.41188,0.41858,0.34956,0.55062,0.5106
0.41609,0.40611,0.43574,0.42141,0.41186,0.47747,0.45885,0.53132,0.47939
0.42376,0.42031,0.44456,0.43805,0.42039,0.57924,0.57971,0.50299,0.50551
0.43902,0.44262,0.46155,0.45863,0.43708,0.54744,0.50153,0.52207,0.53426
0.45823,0.46397,0.48194,0.47964,0.4577,0.46542,0.44647,0.56351,0.50232
0.47667,0.48627,0.50098,0.49988,0.47877,0.46268,0.43393,0.60113,0.49639
0.49348,0.50816,0.51873,0.51821,0.49899,0.55108,0.50496,0.57783,0.54136
0.5089,0.52804,0.53582,0.53648,0.51733,0.58379,0.59092,0.47143,0.52373
0.5254,0.54731,0.55247,0.55462,0.53558,0.46375,0.44291,0.41342,0.45502
0.54217,0.56607,0.56634,0.57107,0.55381,0.40881,0.3299,0.53303,0.48232
0.55953,0.58806,0.58281,0.59262,0.57036,0.59232,0.58427,0.68711,0.56927
0.58208,0.60731,0.6006,0.60946,0.59205,0.61125,0.63723,0.65072,0.55505
0.6001,0.61563,0.61083,0.61646,0.60894,0.41261,0.3456,0.47571,0.46994
0.60773,0.61572,0.61246,0.61683,0.61594,0.42032,0.35789,0.40266,0.46519
0.60839,0.61145,0.60938,0.6136,0.61614,0.62415,0.64265,0.49935,0.52658
0.60697,0.60562,0.60272,0.6048,0.61272,0.59107,0.58935,0.6257,0.54884
0.59999,0.59171,0.58923,0.58541,0.6037,0.3933,0.32443,0.64364,0.51913
0.57626,0.56284,0.56794,0.56063,0.58419,0.45953,0.41397,0.52491,0.48118
0.54916,0.52698,0.54193,0.52983,0.55933,0.62464,0.64608,0.43713,0.50964
0.51651,0.48892,0.51069,0.49264,0.52857,0.55499,0.53298,0.47939,0.53191
0.47731,0.44692,0.47302,0.45032,0.49144,0.38789,0.31802,0.58765,0.4816
0.43505,0.40796,0.43689,0.41182,0.44928,0.4837,0.45974,0.65943,0.4892
0.39933,0.38002,0.40942,0.38388,0.41091,0.64535,0.66017,0.60244,0.57764
0.374,0.36032,0.39002,0.365,0.38317,0.51977,0.48509,0.39115,0.52239
0.3573,0.35388,0.38097,0.36073,0.36446,0.39423,0.32548,0.3328,0.40524
0.35542,0.36769,0.38487,0.37429,0.36035,0.48913,0.49076,0.58616,0.46182
0.37179,0.39839,0.40367,0.40372,0.37391,0.6114,0.60008,0.84286,0.63267
0.40296,0.43245,0.4362,0.43503,0.40323,0.55914,0.50742,0.6714,0.59868
0.43559,0.47001,0.47036,0.46804,0.43428,0.44837,0.44245,0.32246,0.43929
0.46892,0.50853,0.50238,0.50335,0.46705,0.4231,0.38518,0.25668,0.37864
0.50289,0.54579,0.53537,0.54235,0.50216,0.56193,0.51492,0.57431,0.52419
0.54069,0.58477,0.57096,0.58698,0.54119,0.64021,0.6601,0.87409,0.68823
0.58257,0.6146,0.6082,0.61806,0.58597,0.44493,0.40941,0.69033,0.54252
0.61127,0.63004,0.63244,0.63475,0.61734,0.38794,0.31252,0.34529,0.36704
0.62692,0.63656,0.64378,0.64374,0.63427,0.58889,0.60241,0.33623,0.47301
0.63402,0.6346,0.64215,0.64062,0.64343,0.60415,0.59292,0.58885,0.61536
0.62924,0.62339,0.63354,0.63072,0.64033,0.43612,0.37231,0.6755,0.51309
0.61955,0.60806,0.62192,0.61889,0.63042,0.43332,0.41778,0.59794,0.45879
0.60728,0.59389,0.61002,0.60607,0.61852,0.57532,0.55651,0.50101,0.54158
0.59123,0.57541,0.59133,0.58759,0.60568,0.58957,0.5644,0.44363,0.51407
0.57232,0.55047,0.56732,0.56063,0.58713,0.47754,0.45253,0.51023,0.45542
0.54555,0.52349,0.53737,0.52691,0.56014,0.42156,0.37813,0.64427,0.54059
0.51212,0.49526,0.50925,0.4969,0.52634,0.53331,0.51758,0.59542,0.56327
0.48326,0.47058,0.48724,0.47471,0.49631,0.59599,0.58084,0.44719,0.47364
0.46267,0.45474,0.47118,0.45661,0.47411,0.49567,0.45482,0.45555,0.45993
0.44624,0.44385,0.46047,0.44441,0.45608,0.44166,0.40915,0.59992,0.54076
0.43684,0.44118,0.45791,0.44158,0.44393,0.514,0.49564,0.64491,0.56316
0.43756,0.44656,0.46318,0.44664,0.44113,0.54604,0.5174,0.52267,0.497
0.44418,0.45778,0.47341,0.45966,0.44606,0.52295,0.49918,0.42131,0.45881
0.45689,0.47161,0.48554,0.47234,0.45884,0.49098,0.46147,0.48253,0.49376
0.47143,0.48727,0.49637,0.48459,0.47114,0.51821,0.4876,0.63791,0.55438
0.4836,0.50112,0.50463,0.49519,0.48306,0.51561,0.50261,0.66203,0.54127
0.49423,0.50707,0.51022,0.50442,0.49337,0.49157,0.45576,0.51888,0.48271
0.50167,0.51006,0.51244,0.50943,0.50251,0.50721,0.46843,0.40368,0.47848
0.50401,0.5085,0.50874,0.50745,0.50755,0.55307,0.5427,0.45363,0.51327
0.50137,0.50056,0.49875,0.49624,0.50578,0.51178,0.49128,0.60608,0.52654
0.49014,0.48623,0.48251,0.47969,0.4948,0.44665,0.40379,0.67948,0.51902
0.4741,0.47037,0.46961,0.46752,0.47851,0.51283,0.47679,0.58953,0.52402
0.46198,0.46057,0.46266,0.46187,0.46652,0.57479,0.56845,0.43356,0.51364
0.45626,0.45923,0.46156,0.46414,0.46101,0.51657,0.49818,0.40654,0.47858
0.45797,0.46459,0.4696,0.47162,0.46329,0.44229,0.39271,0.55375,0.47726
0.46473,0.4752,0.48291,0.48672,0.47074,0.50894,0.4764,0.70686,0.55294
0.47845,0.49252,0.50318,0.50841,0.4857,0.58459,0.58184,0.64549,0.58465
0.49848,0.51352,0.52866,0.53243,0.50727,0.50852,0.4885,0.41251,0.47597
0.52213,0.53787,0.55623,0.55911,0.53113,0.4347,0.37815,0.35394,0.41242
0.54807,0.56355,0.5829,0.58491,0.55774,0.51248,0.48261,0.56429,0.51612
0.57232,0.58739,0.6053,0.6075,0.58346,0.60222,0.61029,0.74111,0.61731
0.59362,0.60216,0.62194,0.61809,0.60607,0.49833,0.46881,0.60847,0.52293
0.60363,0.60551,0.626,0.61471,0.61668,0.41947,0.34997,0.41838,0.42836
0.60083,0.59905,0.61914,0.60291,0.61343,0.53624,0.52924,0.42139,0.47343
0.58832,0.58321,0.6022,0.58291,0.60181,0.58832,0.60038,0.57801,0.57344
0.56977,0.56013,0.57714,0.55389,0.58217,0.47627,0.41025,0.62983,0.55402
0.54328,0.52984,0.54392,0.51816,0.55362,0.45983,0.41655,0.5522,0.47249
0.51017,0.49596,0.50872,0.48295,0.51857,0.55583,0.57555,0.49108,0.4649
0.47772,0.4642,0.47357,0.44901,0.48412,0.52172,0.48291,0.52803,0.5402
0.4466,0.43385,0.44179,0.4216,0.45103,0.47922,0.41629,0.55621,0.5558
0.4216,0.41294,0.4197,0.40644,0.42439,0.52091,0.52734,0.53206,0.48378
0.40744,0.40487,0.40996,0.40289,0.40992,0.51672,0.49925,0.53276,0.45506
0.40379,0.40873,0.41176,0.41082,0.40684,0.49694,0.43331,0.59319,0.54101
0.41308,0.42465,0.42592,0.43074,0.41507,0.53015,0.52317,0.57619,0.57878
0.43318,0.44946,0.44785,0.45824,0.43505,0.51686,0.50451,0.45668,0.47926
0.46026,0.48028,0.47619,0.49013,0.46243,0.47501,0.42482,0.4399,0.42852
0.49046,0.51389,0.50982,0.52492,0.49393,0.52053,0.49687,0.59907,0.53484
0.52292,0.54672,0.54469,0.55611,0.52806,0.55985,0.5507,0.69931,0.60535
0.55087,0.56984,0.57357,0.57915,0.55807,0.49662,0.46234,0.56212,0.50037
0.57198,0.58584,0.5942,0.59468,0.57935,0.45911,0.42078,0.42024,0.43788
0.58523,0.59474,0.60605,0.60252,0.59232,0.51264,0.49092,0.45119,0.50547
0.58932,0.59477,0.60958,0.60306,0.59691,0.56333,0.54048,0.57004,0.55703
0.58565,0.58487,0.60355,0.59142,0.59367,0.52139,0.49109,0.61585,0.51819
0.57033,0.56541,0.58743,0.57177,0.5783,0.4676,0.45134,0.57551,0.48709
0.54803,0.54204,0.56582,0.5498,0.55551,0.46411,0.42575,0.52139,0.50818
0.52459,0.51914,0.54096,0.52708,0.53176,0.54545,0.48743,0.50096,0.5213
0.50186,0.49818,0.51758,0.50531,0.50889,0.60909,0.63543,0.51159,0.50152
0.48116,0.47784,0.4941,0.48134,0.48876,0.46555,0.46697,0.54269,0.49857
0.45998,0.45781,0.46803,0.45704,0.46774,0.37753,0.24804,0.57205,0.52304
0.44056,0.44129,0.447,0.44012,0.44741,0.58591,0.57838,0.55811,0.51914
0.42872,0.43354,0.43581,0.43221,0.43518,0.66086,0.74979,0.52853,0.50194
0.42624,0.43,0.42999,0.42456,0.43372,0.38538,0.27662,0.52805,0.5115
0.52498,0.37553,0.42122,0.38066,0.4085,0.58135,0.59622,0.52372,0.50114
0.49564,0.38437,0.42605,0.38844,0.41259,0.4071,0.31325,0.51976,0.49911
0.48381,0.4026,0.43737,0.40742,0.42035,0.46597,0.41448,0.56783,0.52719
0.51134,0.43208,0.45739,0.43821,0.43433,0.64309,0.70554,0.64527,0.57099
0.52873,0.46726,0.48223,0.47282,0.45932,0.53115,0.51343,0.59016,0.53774
0.49601,0.50339,0.50996,0.50735,0.49244,0.38098,0.26357,0.37585,0.4148
0.46442,0.53864,0.53933,0.54366,0.52877,0.51473,0.49127,0.30723,0.37875
0.49766,0.57743,0.56687,0.5815,0.56444,0.64237,0.70614,0.59989,0.54981
0.5599,0.61039,0.59066,0.61175,0.59602,0.48447,0.44155,0.87069,0.70143
0.55373,0.63273,0.60726,0.63648,0.61685,0.39906,0.29739,0.69304,0.59312
0.47122,0.64646,0.62403,0.65716,0.63203,0.54381,0.53784,0.33847,0.39044
0.4203,0.65207,0.6409,0.66699,0.64392,0.59244,0.61905,0.31771,0.38266
0.47686,0.64652,0.65184,0.66437,0.64495,0.4763,0.42376,0.55915,0.52464
0.57853,0.63037,0.64421,0.64826,0.6337,0.4617,0.40286,0.67104,0.59199
0.59765,0.6012,0.60915,0.61628,0.60638,0.56467,0.57989,0.594,0.54409
0.5092,0.55992,0.55346,0.57116,0.56088,0.53882,0.52813,0.51104,0.48856
0.4267,0.5228,0.50131,0.52994,0.51675,0.43897,0.3533,0.50155,0.4824
0.43796,0.49321,0.46701,0.49597,0.47966,0.48886,0.44961,0.54409,0.51257
0.51324,0.47467,0.4541,0.47551,0.45598,0.60214,0.65231,0.55488,0.52367
0.55675,0.46535,0.45518,0.46428,0.45309,0.51526,0.4886,0.53028,0.50839
0.52607,0.46395,0.4647,0.4618,0.46002,0.41995,0.31502,0.53644,0.50632
0.47804,0.47068,0.48068,0.46783,0.47063,0.51602,0.49292,0.55313,0.5146
0.47776,0.48009,0.49758,0.47424,0.48392,0.60362,0.65364,0.53407,0.5082
0.51548,0.48594,0.5117,0.47524,0.49617,0.51049,0.48621,0.51988,0.50225
0.52987,0.48622,0.51887,0.47148,0.50477,0.42619,0.33252,0.54916,0.51515
0.50621,0.48197,0.5195,0.4658,0.50893,0.50403,0.46765,0.56115,0.51946
0.48857,0.47458,0.51613,0.459,0.5076,0.57951,0.60436,0.50949,0.49403
0.49966,0.46665,0.50972,0.4512,0.50067,0.52891,0.51976,0.4831,0.48254
0.51292,0.4554,0.49895,0.44083,0.49071,0.45267,0.3828,0.54492,0.51384
0.50729,0.4401,0.48471,0.42852,0.47857,0.48658,0.43774,0.60387,0.5418
0.49479,0.42358,0.46903,0.41788,0.46422,0.57742,0.59942,0.57279,0.52549
0.49973,0.4071,0.45235,0.40747,0.44958,0.53693,0.53162,0.49662,0.48863
0.51584,0.39135,0.43435,0.39775,0.4326,0.43743,0.35616,0.49903,0.49241
0.51969,0.38019,0.41881,0.39267,0.41464,0.49796,0.45873,0.55715,0.52121
0.50248,0.37695,0.40886,0.39411,0.40066,0.60294,0.64211,0.58637,0.53233
0.48414,0.3849,0.4068,0.40382,0.39379,0.50574,0.47742,0.51808,0.4949
0.48901,0.40341,0.41494,0.42369,0.3965,0.40017,0.29422,0.4706,0.47546
0.516,0.43703,0.43698,0.45637,0.41052,0.54248,0.53344,0.59659,0.54741
0.52875,0.48554,0.47273,0.5032,0.43811,0.63633,0.69825,0.64847,0.57056
0.49951,0.53931,0.51576,0.55562,0.48171,0.44349,0.3755,0.42099,0.43735
0.46736,0.5971,0.56515,0.60982,0.53396,0.39254,0.28388,0.32415,0.38171
0.48579,0.65216,0.62058,0.66426,0.59038,0.61133,0.64672,0.64643,0.57201
0.53209,0.69959,0.67397,0.70862,0.64788,0.63382,0.68898,0.90259,0.72539
0.53623,0.72657,0.7108,0.72966,0.69582,0.38475,0.27969,0.61443,0.55691
0.49727,0.73325,0.72497,0.73332,0.71988,0.42375,0.33753,0.25235,0.34326
0.48613,0.72075,0.71766,0.71888,0.72365,0.64058,0.69426,0.3125,0.37786
0.5157,0.69153,0.69052,0.68511,0.70597,0.57321,0.58847,0.62429,0.5592
0.5255,0.64431,0.64578,0.6376,0.6686,0.38763,0.28505,0.7586,0.63573
0.50012,0.58789,0.59286,0.58443,0.61933,0.46583,0.40819,0.6014,0.54447
0.48593,0.53084,0.53928,0.53396,0.56553,0.61683,0.65348,0.41688,0.4402
0.50225,0.48036,0.48755,0.48722,0.51448,0.54524,0.54093,0.43724,0.45315
0.51731,0.43817,0.44101,0.44714,0.46792,0.43679,0.36599,0.58099,0.53395
0.50891,0.40512,0.4061,0.41965,0.42945,0.47424,0.42437,0.63961,0.5666
0.49655,0.38671,0.39017,0.40399,0.40473,0.56107,0.56438,0.5542,0.51907
0.49232,0.38113,0.39182,0.39861,0.39305,0.57056,0.5802,0.49426,0.48476
0.49605,0.38604,0.40542,0.40211,0.39375,0.48069,0.43474,0.48684,0.47967
0.50565,0.39893,0.42633,0.41228,0.40466,0.43406,0.35972,0.50974,0.49408
0.52514,0.41895,0.44988,0.42873,0.42073,0.5215,0.50344,0.62077,0.5582
0.52981,0.44548,0.47328,0.45093,0.43976,0.61351,0.65185,0.66731,0.58343
0.49857,0.47082,0.49442,0.47038,0.46352,0.51685,0.49056,0.46013,0.4634
0.46235,0.49311,0.51423,0.48709,0.48668,0.39467,0.29284,0.30764,0.37535
0.47884,0.51717,0.53435,0.50438,0.50827,0.48261,0.44092,0.5467,0.51469
0.54605,0.54015,0.55208,0.52063,0.5274,0.6439,0.70157,0.82624,0.67803
0.56858,0.5525,0.55914,0.53243,0.54138,0.55481,0.55366,0.66018,0.5813
0.50932,0.56219,0.55869,0.53954,0.54995,0.37141,0.25686,0.3061,0.37373
0.43313,0.56651,0.55749,0.54364,0.55533,0.44781,0.38217,0.29451,0.36536
0.44817,0.56584,0.56127,0.54821,0.5582,0.65318,0.71443,0.62047,0.55665
0.53736,0.5605,0.56297,0.5466,0.56102,0.59591,0.62171,0.8086,0.66916
0.58078,0.54242,0.55249,0.53133,0.55793,0.37945,0.27265,0.6262,0.56191
0.52591,0.51391,0.53183,0.51281,0.54086,0.4339,0.35746,0.38664,0.42032
0.46221,0.48586,0.50755,0.4925,0.51724,0.61062,0.6431,0.38971,0.42289
0.47222,0.46008,0.48514,0.47335,0.48814,0.6013,0.63197,0.57063,0.52861
0.52003,0.43846,0.46625,0.45811,0.46096,0.41911,0.33896,0.66653,0.58333
0.52392,0.42599,0.45265,0.45196,0.44242,0.41687,0.33046,0.5601,0.52195
0.49557,0.42804,0.45024,0.45914,0.43636,0.58892,0.60592,0.46197,0.46621
0.4913,0.44619,0.45915,0.47912,0.44342,0.60054,0.62964,0.51769,0.4984
0.50831,0.47471,0.47691,0.50475,0.46269,0.4499,0.38779,0.56315,0.5236
0.50946,0.50511,0.50115,0.52987,0.48969,0.43356,0.35942,0.52476,0.50058
0.49283,0.53688,0.5304,0.55852,0.51865,0.5844,0.60201,0.55573,0.51919
0.49941,0.56613,0.56056,0.58186,0.55119,0.55115,0.54889,0.60916,0.55172
0.52237,0.58541,0.58433,0.5948,0.57651,0.43997,0.37015,0.53694,0.51038
0.52733,0.59495,0.59842,0.60167,0.58997,0.52035,0.49948,0.46111,0.46558
0.50711,0.59703,0.60261,0.59879,0.59691,0.56379,0.56874,0.51041,0.49224
0.48502,0.58958,0.59806,0.58719,0.59409,0.45831,0.39724,0.60215,0.54421
0.48892,0.57577,0.58681,0.57157,0.58204,0.47817,0.43192,0.57596,0.53168
0.51641,0.55933,0.57015,0.55446,0.56511,0.59981,0.63147,0.46801,0.47298
0.53172,0.54166,0.54864,0.53606,0.54677,0.51053,0.48179,0.47866,0.47711
0.50824,0.52515,0.52823,0.51959,0.52837,0.4041,0.30535,0.59306,0.53761
0.47603,0.5105,0.51544,0.50947,0.5126,0.52807,0.51251,0.63369,0.56024
0.47966,0.50122,0.51187,0.5049,0.5032,0.61959,0.66782,0.55228,0.51835
0.5095,0.48983,0.51118,0.49606,0.50069,0.49339,0.45855,0.45371,0.46547
0.52381,0.47676,0.50687,0.48512,0.4965,0.43338,0.35283,0.46401,0.46933
0.51946,0.46358,0.49739,0.47289,0.49064,0.50103,0.45854,0.58,0.53072
0.51595,0.45298,0.48541,0.4598,0.48028,0.58703,0.61162,0.66973,0.57971
0.5115,0.44615,0.46952,0.4466,0.46539,0.53336,0.53442,0.58977,0.53864
0.48833,0.44453,0.4544,0.4404,0.44978,0.43685,0.3607,0.39942,0.43705
0.47168,0.45023,0.44648,0.44096,0.44326,0.45032,0.36735,0.34865,0.40728
0.4942,0.46493,0.45183,0.45263,0.44568,0.58354,0.60512,0.57693,0.5278
0.53261,0.48881,0.46875,0.4745,0.46043,0.6078,0.66359,0.79654,0.64662
0.52738,0.50692,0.48687,0.48884,0.48682,0.41618,0.32249,0.648,0.56918
0.48961,0.51809,0.50399,0.50274,0.50619,0.44643,0.36185,0.38348,0.42905
0.48883,0.52533,0.51706,0.51147,0.52266,0.5968,0.63161,0.40022,0.437
0.51958,0.52544,0.52435,0.51348,0.52935,0.56873,0.59311,0.58553,0.53328
0.52534,0.51891,0.5264,0.51057,0.52671,0.41015,0.3109,0.6437,0.56401
0.49372,0.50807,0.52763,0.50679,0.51985,0.47103,0.4091,0.52171,0.50142
0.47934,0.4985,0.52979,0.5046,0.51409,0.60447,0.64411,0.45478,0.46663
0.50032,0.49254,0.53034,0.50362,0.511,0.53822,0.53315,0.53867,0.50948
0.52152,0.48777,0.52705,0.50129,0.50894,0.42736,0.339,0.61706,0.55006
0.52065,0.48476,0.52105,0.50018,0.50402,0.49691,0.45932,0.57967,0.53188
0.50842,0.48485,0.5136,0.50097,0.49836,0.59697,0.63614,0.50642,0.49437
0.49568,0.4851,0.50498,0.50096,0.49398,0.51079,0.48391,0.49288,0.4855
0.48632,0.48657,0.50038,0.50319,0.49046,0.42641,0.33288,0.5342,0.50567
0.49352,0.49151,0.5018,0.50829,0.49131,0.51719,0.49445,0.57517,0.52874
0.51723,0.50083,0.50728,0.51824,0.49571,0.59998,0.64311,0.55522,0.52107
0.53004,0.50991,0.51234,0.5283,0.50447,0.48796,0.44337,0.5065,0.49461
0.51275,0.5208,0.51867,0.53865,0.51319,0.43948,0.35608,0.52297,0.49973
0.48562,0.53398,0.52997,0.552,0.52243,0.53611,0.52865,0.56981,0.52404
0.47922,0.55049,0.54641,0.56609,0.5353,0.56554,0.58225,0.59249,0.53819
0.49777,0.5628,0.56367,0.5766,0.55032,0.48456,0.43742,0.5201,0.50195
0.52083,0.57209,0.57755,0.58544,0.56356,0.47815,0.4246,0.46911,0.47492
0.52688,0.57977,0.5863,0.58978,0.57568,0.53146,0.51956,0.54463,0.51206
0.51118,0.58069,0.58755,0.58752,0.58226,0.52982,0.51792,0.58695,0.53369
0.49336,0.57596,0.58328,0.58062,0.58087,0.50196,0.469,0.54145,0.51172
0.49254,0.56684,0.57358,0.56617,0.57472,0.49346,0.45333,0.52256,0.50244
0.50243,0.55064,0.56043,0.54743,0.56194,0.52432,0.50819,0.53719,0.50887
0.51262,0.53197,0.54386,0.52646,0.54555,0.51666,0.49338,0.5657,0.52249
0.51184,0.51229,0.52461,0.50399,0.52652,0.49116,0.44611,0.54741,0.51412
0.50454,0.49212,0.504,0.48266,0.50522,0.51814,0.49842,0.50883,0.49615
0.50121,0.47358,0.48381,0.46449,0.48488,0.5357,0.5318,0.51264,0.4979
0.50185,0.45949,0.46621,0.45004,0.46837,0.48645,0.43626,0.55367,0.51706
0.49979,0.44997,0.45432,0.43923,0.45639,0.4813,0.428,0.58383,0.5307
0.49849,0.44382,0.44731,0.43388,0.44832,0.55813,0.57547,0.56354,0.52118
0.5051,0.4429,0.44686,0.43188,0.4456,0.54069,0.5395,0.5092,0.49611
0.51301,0.44268,0.44997,0.429,0.44623,0.44539,0.35659,0.49698,0.49048
0.50939,0.44272,0.456,0.43045,0.44533,0.50023,0.46496,0.53878,0.51017
0.50673,0.44664,0.46134,0.43533,0.44711,0.57585,0.61065,0.58837,0.53381
0.50682,0.44882,0.46502,0.44104,0.451,0.51285,0.48665,0.56206,0.52094
0.50172,0.4525,0.46959,0.45113,0.456,0.45475,0.37396,0.49557,0.48921
0.49477,0.4614,0.47819,0.46701,0.46597,0.50359,0.47022,0.50199,0.49226
0.49755,0.47712,0.49228,0.48885,0.48136,0.56147,0.58164,0.57395,0.52659
0.51056,0.49904,0.51227,0.51471,0.50192,0.52674,0.51383,0.59343,0.53618
0.51324,0.52511,0.53646,0.54344,0.5264,0.47394,0.41249,0.53894,0.51039
0.49808,0.5526,0.56225,0.57165,0.55368,0.48242,0.42916,0.48736,0.48514
0.48578,0.57902,0.58635,0.59764,0.5789,0.55023,0.55907,0.50004,0.49088
0.49994,0.60051,0.60616,0.61797,0.59883,0.55159,0.56162,0.55001,0.51533
0.52675,0.61192,0.61836,0.62798,0.61069,0.47007,0.40531,0.5791,0.52997
-2.8064,-2.7583,-2.8065,-2.7456,-2.747,-1.0862,-2.4478,-1.3947e+05,-6.1688e+05
2.7534,2.6652,2.6093,2.6149,2.6232,1.0374,2.6002,1.1869e+05,5.9102e+05
