,ts_code,trade_date,open,high,low,close,pre_close,change,pct_chg,vol,amount
726,600015.SH,20210104,6.22,6.24,6.17,6.21,6.25,-0.04,-0.64,264377.43,164027.791
725,600015.SH,20210105,6.19,6.29,6.15,6.26,6.21,0.05,0.8052,313293.63,194585.331
724,600015.SH,20210106,6.25,6.3,6.22,6.27,6.26,0.01,0.1597,271605.51,169912.525
723,600015.SH,20210107,6.27,6.3,6.17,6.24,6.27,-0.03,-0.4785,253980.41,158152.058
722,600015.SH,20210108,6.24,6.28,6.21,6.25,6.24,0.01,0.1603,207393.51,129474.262
721,600015.SH,20210111,6.23,6.3,6.13,6.17,6.25,-0.08,-1.28,370002.71,230183.171
720,600015.SH,20210112,6.16,6.19,6.04,6.16,6.17,-0.01,-0.1621,499545.26,305286.633
719,600015.SH,20210113,6.14,6.18,6.06,6.16,6.16,0,0,299852.69,183549.194
718,600015.SH,20210114,6.15,6.24,6.13,6.17,6.16,0.01,0.1623,352827.79,218091.016
717,600015.SH,20210115,6.2,6.37,6.19,6.23,6.17,0.06,0.9724,586474.52,368326.157
716,600015.SH,20210118,6.25,6.28,6.19,6.25,6.23,0.02,0.321,373508.91,233159.546
715,600015.SH,20210119,6.26,6.33,6.21,6.31,6.25,0.06,0.96,346367.34,217440.2
714,600015.SH,20210120,6.29,6.34,6.22,6.24,6.31,-0.07,-1.1094,298605.4,186920.666
713,600015.SH,20210121,6.25,6.27,6.21,6.23,6.24,-0.01,-0.1603,255854.43,159658.262
712,600015.SH,20210122,6.23,6.23,6.09,6.11,6.23,-0.12,-1.9262,409492.92,251035.333
711,600015.SH,20210125,6.11,6.12,6.06,6.1,6.11,-0.01,-0.1637,257178.8,156469.023
710,600015.SH,20210126,6.09,6.14,6.06,6.09,6.1,-0.01,-0.1639,226737.37,138148.129
709,600015.SH,20210127,6.08,6.17,6.08,6.09,6.09,0,0,256848.18,157226.491
708,600015.SH,20210128,6.07,6.08,6.04,6.07,6.09,-0.02,-0.3284,288859.47,175144.145
707,600015.SH,20210129,6.08,6.16,6.05,6.1,6.07,0.03,0.4942,380012.78,232196.261
706,600015.SH,20210201,6.1,6.4,6.08,6.36,6.1,0.26,4.2623,903590.63,566562.883
705,600015.SH,20210202,6.31,6.51,6.31,6.38,6.36,0.02,0.3145,1067073.39,684663.245
704,600015.SH,20210203,6.37,6.48,6.32,6.41,6.38,0.03,0.4702,643667.8,412474.627
703,600015.SH,20210204,6.38,6.56,6.37,6.42,6.41,0.01,0.156,956461.53,617060.983
702,600015.SH,20210205,6.41,6.57,6.4,6.54,6.42,0.12,1.8692,974188.59,633933.954
701,600015.SH,20210208,6.51,6.54,6.4,6.45,6.54,-0.09,-1.3761,774880.19,500680.676
700,600015.SH,20210209,6.41,6.45,6.32,6.4,6.45,-0.05,-0.7752,616745.46,392359.662
699,600015.SH,20210210,6.38,6.45,6.29,6.32,6.4,-0.08,-1.25,599501.23,381090.581
698,600015.SH,20210218,6.37,6.42,6.31,6.33,6.32,0.01,0.1582,802214.97,510108.736
697,600015.SH,20210219,6.33,6.4,6.3,6.36,6.33,0.03,0.4739,764539.38,486272.718
696,600015.SH,20210222,6.39,6.49,6.35,6.37,6.36,0.01,0.1572,1012003.77,647511.331
695,600015.SH,20210223,6.35,6.43,6.31,6.33,6.37,-0.04,-0.6279,1127315.21,718351.203
694,600015.SH,20210224,6.33,6.36,6.22,6.25,6.33,-0.08,-1.2638,886857.49,558207.485
693,600015.SH,20210225,6.27,6.37,6.25,6.35,6.25,0.1,1.6,795469.15,502737.493
692,600015.SH,20210226,6.3,6.35,6.24,6.24,6.35,-0.11,-1.7323,561884.59,352937.653
691,600015.SH,20210301,6.26,6.28,6.22,6.25,6.24,0.01,0.1603,474761.02,296577.413
690,600015.SH,20210302,6.26,6.28,6.19,6.21,6.25,-0.04,-0.64,481774.44,300172.072
689,600015.SH,20210303,6.25,6.41,6.24,6.39,6.21,0.18,2.8986,770474.21,488266.059
688,600015.SH,20210304,6.35,6.42,6.34,6.37,6.39,-0.02,-0.313,592876.21,378512.678
687,600015.SH,20210305,6.34,6.42,6.34,6.39,6.37,0.02,0.314,529570.81,337738.887
686,600015.SH,20210308,6.4,6.48,6.39,6.42,6.39,0.03,0.4695,681227.65,438269.05
685,600015.SH,20210309,6.44,6.48,6.35,6.39,6.42,-0.03,-0.4673,654858.44,419572.356
684,600015.SH,20210310,6.39,6.45,6.36,6.38,6.39,-0.01,-0.1565,509808.9,326762.172
683,600015.SH,20210311,6.41,6.62,6.4,6.57,6.38,0.19,2.9781,1109821.44,722148.383
682,600015.SH,20210312,6.54,6.62,6.52,6.57,6.57,0,0,533808.21,350719.16
681,600015.SH,20210315,6.58,6.65,6.55,6.61,6.57,0.04,0.6088,564987.9,373434.898
680,600015.SH,20210316,6.59,6.66,6.56,6.61,6.61,0,0,417323.78,275610.979
679,600015.SH,20210317,6.57,6.62,6.52,6.55,6.61,-0.06,-0.9077,437191.93,286638.46
678,600015.SH,20210318,6.55,6.66,6.54,6.62,6.55,0.07,1.0687,390337.12,257916.517
677,600015.SH,20210319,6.62,6.64,6.46,6.5,6.62,-0.12,-1.8127,479952.03,313781.613
676,600015.SH,20210322,6.48,6.58,6.47,6.52,6.5,0.02,0.3077,366446.09,239279.742
675,600015.SH,20210323,6.52,6.56,6.45,6.47,6.52,-0.05,-0.7669,337592.66,219031.92
674,600015.SH,20210324,6.46,6.48,6.4,6.43,6.47,-0.04,-0.6182,322490.68,207457.436
673,600015.SH,20210325,6.43,6.45,6.38,6.39,6.43,-0.04,-0.6221,240194.45,154121.866
672,600015.SH,20210326,6.4,6.48,6.38,6.45,6.39,0.06,0.939,408163.23,262905.289
671,600015.SH,20210329,6.45,6.49,6.42,6.48,6.45,0.03,0.4651,308000.27,198878.936
670,600015.SH,20210330,6.46,6.48,6.42,6.48,6.48,0,0,286536.86,184596.958
669,600015.SH,20210331,6.45,6.48,6.38,6.44,6.48,-0.04,-0.6173,380655.97,244385.162
668,600015.SH,20210401,6.43,6.45,6.39,6.43,6.44,-0.01,-0.1553,227054.06,145707.649
667,600015.SH,20210402,6.43,6.43,6.37,6.39,6.43,-0.04,-0.6221,251857.11,161029.055
666,600015.SH,20210406,6.37,6.4,6.37,6.37,6.39,-0.02,-0.313,196623.82,125408.402
665,600015.SH,20210407,6.37,6.39,6.35,6.38,6.37,0.01,0.157,261834.4,166688.675
664,600015.SH,20210408,6.37,6.37,6.34,6.34,6.38,-0.04,-0.627,224853.65,142873.393
663,600015.SH,20210409,6.34,6.36,6.33,6.34,6.34,0,0,215030.9,136353.831
662,600015.SH,20210412,6.34,6.38,6.32,6.36,6.34,0.02,0.3155,280832.3,178514.529
661,600015.SH,20210413,6.36,6.39,6.27,6.29,6.36,-0.07,-1.1006,291978.74,184269.73
660,600015.SH,20210414,6.29,6.3,6.25,6.27,6.29,-0.02,-0.318,179918.57,112832.57
659,600015.SH,20210415,6.28,6.28,6.22,6.25,6.27,-0.02,-0.319,198079.52,123585.492
658,600015.SH,20210416,6.26,6.29,6.23,6.28,6.25,0.03,0.48,180603.72,113171.909
657,600015.SH,20210419,6.28,6.31,6.24,6.31,6.28,0.03,0.4777,208281.05,130948.765
656,600015.SH,20210420,6.3,6.31,6.27,6.28,6.31,-0.03,-0.4754,185111,116353.848
655,600015.SH,20210421,6.26,6.31,6.26,6.28,6.28,0,0,188263.14,118426.844
654,600015.SH,20210422,6.29,6.3,6.24,6.25,6.28,-0.03,-0.4777,201518.96,126408.141
653,600015.SH,20210423,6.26,6.26,6.22,6.24,6.25,-0.01,-0.16,187180.97,116749.724
652,600015.SH,20210426,6.25,6.27,6.19,6.19,6.24,-0.05,-0.8013,241750.15,150529.178
651,600015.SH,20210427,6.2,6.2,6.15,6.18,6.19,-0.01,-0.1616,185767.05,114642.453
650,600015.SH,20210428,6.18,6.19,6.15,6.17,6.18,-0.01,-0.1618,134267.57,82732.769
649,600015.SH,20210429,6.17,6.27,6.16,6.25,6.17,0.08,1.2966,215555.94,134110.324
648,600015.SH,20210430,6.31,6.31,6.19,6.24,6.25,-0.01,-0.16,336289.83,209904.869
647,600015.SH,20210506,6.23,6.33,6.22,6.26,6.24,0.02,0.3205,327190.47,205587.645
646,600015.SH,20210507,6.27,6.32,6.26,6.28,6.26,0.02,0.3195,349048.1,219609.528
645,600015.SH,20210510,6.28,6.29,6.21,6.25,6.28,-0.03,-0.4777,258580.35,161517.411
644,600015.SH,20210511,6.24,6.31,6.23,6.29,6.25,0.04,0.64,259446.99,162740.248
643,600015.SH,20210512,6.27,6.36,6.27,6.35,6.29,0.06,0.9539,323767.5,204863.529
642,600015.SH,20210513,6.35,6.41,6.34,6.36,6.35,0.01,0.1575,369261.19,234988.395
641,600015.SH,20210514,6.37,6.4,6.34,6.39,6.36,0.03,0.4717,389073.43,248010.894
640,600015.SH,20210517,6.39,6.48,6.38,6.44,6.39,0.05,0.7825,475417.11,305944.156
639,600015.SH,20210518,6.42,6.43,6.39,6.41,6.44,-0.03,-0.4658,194812.07,124845.67
638,600015.SH,20210519,6.41,6.42,6.36,6.42,6.41,0.01,0.156,285538.3,182523.931
637,600015.SH,20210520,6.4,6.45,6.38,6.44,6.42,0.02,0.3115,245087.85,157198.863
636,600015.SH,20210521,6.45,6.47,6.4,6.44,6.44,0,0,263049,169200.053
635,600015.SH,20210524,6.4,6.45,6.4,6.43,6.44,-0.01,-0.1553,197177.16,126699.257
634,600015.SH,20210525,6.42,6.5,6.4,6.49,6.43,0.06,0.9331,436837.36,282501.161
633,600015.SH,20210526,6.48,6.5,6.45,6.46,6.49,-0.03,-0.4622,334124.42,216364.694
632,600015.SH,20210527,6.46,6.46,6.41,6.43,6.46,-0.03,-0.4644,392468.83,252484.987
631,600015.SH,20210528,6.43,6.46,6.39,6.43,6.43,0,0,297330.14,190940.334
630,600015.SH,20210531,6.44,6.45,6.38,6.43,6.43,0,0,229970.37,147304.932
629,600015.SH,20210601,6.4,6.41,6.37,6.38,6.43,-0.05,-0.7776,228973.76,146219.16
628,600015.SH,20210602,6.39,6.4,6.35,6.39,6.38,0.01,0.1567,244065.06,155510.127
627,600015.SH,20210603,6.38,6.41,6.35,6.36,6.39,-0.03,-0.4695,225760.8,143807.551
626,600015.SH,20210604,6.35,6.4,6.33,6.36,6.36,0,0,238706.86,151848.799
625,600015.SH,20210607,6.36,6.38,6.33,6.37,6.36,0.01,0.1572,204554.34,129960.689
624,600015.SH,20210608,6.36,6.38,6.33,6.36,6.37,-0.01,-0.157,190190.03,120834.284
623,600015.SH,20210609,6.36,6.37,6.34,6.35,6.36,-0.01,-0.1572,124500.34,79069.002
622,600015.SH,20210610,6.35,6.38,6.31,6.32,6.35,-0.03,-0.4724,229371.44,145611.03
621,600015.SH,20210611,6.33,6.34,6.28,6.31,6.32,-0.01,-0.1582,184244.5,116332.002
620,600015.SH,20210615,6.3,6.3,6.2,6.22,6.31,-0.09,-1.4263,269783.74,168263.699
619,600015.SH,20210616,6.22,6.26,6.21,6.23,6.22,0.01,0.1608,162147.25,101100.648
618,600015.SH,20210617,6.24,6.28,6.21,6.23,6.23,0,0,122013.16,76187.731
617,600015.SH,20210618,6.23,6.24,6.2,6.2,6.23,-0.03,-0.4815,191596.47,119033.805
616,600015.SH,20210621,6.21,6.22,6.18,6.2,6.2,0,0,137549.58,85207.928
615,600015.SH,20210622,6.21,6.24,6.2,6.21,6.2,0.01,0.1613,175991.7,109439.306
614,600015.SH,20210623,6.21,6.24,6.19,6.23,6.21,0.02,0.3221,117097.84,72824.64
613,600015.SH,20210624,6.22,6.25,6.22,6.24,6.23,0.01,0.1605,121981.24,76059.671
612,600015.SH,20210625,6.23,6.28,6.23,6.26,6.24,0.02,0.3205,195860.48,122587.732
611,600015.SH,20210628,6.26,6.27,6.21,6.23,6.26,-0.03,-0.4792,140906.76,87773.35
610,600015.SH,20210629,6.23,6.24,6.17,6.18,6.23,-0.05,-0.8026,210356.21,130488.53
609,600015.SH,20210630,6.18,6.21,6.17,6.19,6.18,0.01,0.1618,137796.34,85283.527
608,600015.SH,20210701,6.19,6.22,6.18,6.19,6.19,0,0,191945.77,119029.131
607,600015.SH,20210702,6.2,6.23,6.16,6.18,6.19,-0.01,-0.1616,261956.4,162111.198
606,600015.SH,20210705,6.2,6.2,6.15,6.16,6.18,-0.02,-0.3236,228170.01,140696.213
605,600015.SH,20210706,6.17,6.21,6.16,6.21,6.16,0.05,0.8117,293240.62,181474.434
604,600015.SH,20210707,6.2,6.23,6.18,6.19,6.21,-0.02,-0.3221,222285.18,137708.078
603,600015.SH,20210708,6.21,6.21,6.14,6.15,6.19,-0.04,-0.6462,343960.47,211934.351
602,600015.SH,20210709,5.87,5.89,5.82,5.82,5.85,-0.03,-0.5128,369056.72,215912.418
601,600015.SH,20210712,5.85,5.86,5.77,5.78,5.82,-0.04,-0.6873,328275.71,190848.266
600,600015.SH,20210713,5.79,5.83,5.78,5.79,5.78,0.01,0.173,216251.37,125313.265
599,600015.SH,20210714,5.79,5.81,5.73,5.74,5.79,-0.05,-0.8636,287309.19,165358.972
598,600015.SH,20210715,5.75,5.81,5.73,5.79,5.74,0.05,0.8711,229723.26,132773.859
597,600015.SH,20210716,5.78,5.8,5.76,5.78,5.79,-0.01,-0.1727,138240.47,79898.058
596,600015.SH,20210719,5.77,5.79,5.71,5.79,5.78,0.01,0.173,181245.46,104209.532
595,600015.SH,20210720,5.76,5.77,5.73,5.75,5.79,-0.04,-0.6908,117403.68,67444.622
594,600015.SH,20210721,5.76,5.79,5.74,5.75,5.75,0,0,128326.11,73884.671
593,600015.SH,20210722,5.76,5.8,5.75,5.77,5.75,0.02,0.3478,136274.82,78689.764
592,600015.SH,20210723,5.76,5.78,5.74,5.76,5.77,-0.01,-0.1733,119045.72,68516.619
591,600015.SH,20210726,5.75,5.76,5.64,5.64,5.76,-0.12,-2.0833,273024.16,155120.673
590,600015.SH,20210727,5.64,5.67,5.55,5.55,5.64,-0.09,-1.5957,238820.51,134365.423
589,600015.SH,20210728,5.55,5.58,5.52,5.53,5.55,-0.02,-0.3604,236248,131134.1
588,600015.SH,20210729,5.55,5.56,5.47,5.49,5.53,-0.04,-0.7233,206312.59,113566.072
587,600015.SH,20210730,5.47,5.49,5.42,5.48,5.49,-0.01,-0.1821,162585.06,88715.491
586,600015.SH,20210802,5.47,5.58,5.43,5.55,5.48,0.07,1.2774,203039.93,112029.798
585,600015.SH,20210803,5.52,5.54,5.49,5.51,5.55,-0.04,-0.7207,147676.1,81398.708
584,600015.SH,20210804,5.51,5.52,5.48,5.49,5.51,-0.02,-0.363,122429.92,67228.513
583,600015.SH,20210805,5.48,5.54,5.47,5.49,5.49,0,0,146932.67,80842.341
582,600015.SH,20210806,5.48,5.5,5.45,5.49,5.49,0,0,104101.86,56985.37
581,600015.SH,20210809,5.48,5.59,5.47,5.55,5.49,0.06,1.0929,224630.22,124655.648
580,600015.SH,20210810,5.54,5.58,5.51,5.56,5.55,0.01,0.1802,191797.19,106222.34
579,600015.SH,20210811,5.55,5.62,5.52,5.58,5.56,0.02,0.3597,197076.14,110028.551
578,600015.SH,20210812,5.58,5.58,5.55,5.56,5.58,-0.02,-0.3584,115056.41,64030.526
577,600015.SH,20210813,5.55,5.57,5.54,5.56,5.56,0,0,101877.2,56578.693
576,600015.SH,20210816,5.56,5.59,5.54,5.57,5.56,0.01,0.1799,122272.09,68139.831
575,600015.SH,20210817,5.57,5.61,5.53,5.56,5.57,-0.01,-0.1795,224816.95,125268.5
574,600015.SH,20210818,5.54,5.64,5.52,5.63,5.56,0.07,1.259,242043.13,135405.485
573,600015.SH,20210819,5.62,5.63,5.55,5.57,5.63,-0.06,-1.0657,176216.06,98340.235
572,600015.SH,20210820,5.56,5.59,5.54,5.55,5.57,-0.02,-0.3591,223473.44,124212.779
571,600015.SH,20210823,5.55,5.59,5.54,5.56,5.55,0.01,0.1802,161848.43,89982.585
570,600015.SH,20210824,5.56,5.58,5.52,5.55,5.56,-0.01,-0.1799,187500.61,104093.818
569,600015.SH,20210825,5.55,5.57,5.53,5.54,5.55,-0.01,-0.1802,144951.56,80351.67
568,600015.SH,20210826,5.54,5.54,5.51,5.51,5.54,-0.03,-0.5415,177605.11,98093.539
567,600015.SH,20210827,5.52,5.54,5.51,5.52,5.51,0.01,0.1815,140842.17,77748.895
566,600015.SH,20210830,5.51,5.52,5.47,5.48,5.52,-0.04,-0.7246,220461.96,120922.891
565,600015.SH,20210831,5.5,5.6,5.49,5.6,5.48,0.12,2.1898,365179.3,202673.327
564,600015.SH,20210901,5.6,5.69,5.58,5.67,5.6,0.07,1.25,443513.14,250357.141
563,600015.SH,20210902,5.67,5.69,5.64,5.66,5.67,-0.01,-0.1764,254761.48,144243.402
562,600015.SH,20210903,5.69,5.77,5.65,5.72,5.66,0.06,1.0601,365764.96,208888.712
561,600015.SH,20210906,5.69,5.73,5.68,5.7,5.72,-0.02,-0.3497,280894.83,160390.002
560,600015.SH,20210907,5.71,5.76,5.68,5.75,5.7,0.05,0.8772,311410.53,178041.242
559,600015.SH,20210908,5.74,5.81,5.74,5.78,5.75,0.03,0.5217,247393.28,142776.327
558,600015.SH,20210909,5.76,5.79,5.73,5.77,5.78,-0.01,-0.173,220113.45,126910.471
557,600015.SH,20210910,5.76,5.87,5.76,5.81,5.77,0.04,0.6932,412308.74,240239.06
556,600015.SH,20210913,5.81,5.82,5.76,5.79,5.81,-0.02,-0.3442,278557.35,161234.685
555,600015.SH,20210914,5.79,5.81,5.68,5.69,5.79,-0.1,-1.7271,320474.17,183815.965
554,600015.SH,20210915,5.67,5.71,5.65,5.68,5.69,-0.01,-0.1757,261567.77,148443.758
553,600015.SH,20210916,5.67,5.72,5.64,5.64,5.68,-0.04,-0.7042,254732.88,144547.547
552,600015.SH,20210917,5.65,5.66,5.58,5.61,5.64,-0.03,-0.5319,197979.24,111200.672
551,600015.SH,20210922,5.52,5.59,5.51,5.58,5.61,-0.03,-0.5348,210899.32,116886.026
550,600015.SH,20210923,5.59,5.69,5.58,5.62,5.58,0.04,0.7168,203081.66,114638.174
549,600015.SH,20210924,5.64,5.66,5.61,5.63,5.62,0.01,0.1779,219039.06,123358.507
548,600015.SH,20210927,5.62,5.62,5.54,5.57,5.63,-0.06,-1.0657,172219.94,96136.73
547,600015.SH,20210928,5.57,5.62,5.56,5.59,5.57,0.02,0.3591,140830.11,78793.427
546,600015.SH,20210929,5.57,5.61,5.55,5.58,5.59,-0.01,-0.1789,194931.94,108665.281
545,600015.SH,20210930,5.58,5.59,5.54,5.57,5.58,-0.01,-0.1792,137042.94,76246.227
544,600015.SH,20211008,5.6,5.68,5.59,5.66,5.57,0.09,1.6158,269706.81,152308.609
543,600015.SH,20211011,5.68,5.75,5.67,5.72,5.66,0.06,1.0601,279154.31,159901.246
542,600015.SH,20211012,5.71,5.74,5.66,5.7,5.72,-0.02,-0.3497,189158.14,107840.569
541,600015.SH,20211013,5.7,5.71,5.65,5.68,5.7,-0.02,-0.3509,110791.28,62935.828
540,600015.SH,20211014,5.69,5.69,5.64,5.65,5.68,-0.03,-0.5282,108353.48,61270.302
539,600015.SH,20211015,5.64,5.67,5.63,5.64,5.65,-0.01,-0.177,136066.96,76824.122
538,600015.SH,20211018,5.65,5.65,5.61,5.65,5.64,0.01,0.1773,140231.48,78977.448
537,600015.SH,20211019,5.65,5.68,5.63,5.65,5.65,0,0,147614.11,83464.775
536,600015.SH,20211020,5.65,5.67,5.62,5.63,5.65,-0.02,-0.354,120600.45,67977.859
535,600015.SH,20211021,5.65,5.72,5.63,5.72,5.63,0.09,1.5986,258214.55,146730.166
534,600015.SH,20211022,5.72,5.76,5.69,5.73,5.72,0.01,0.1748,193200.66,110544.302
533,600015.SH,20211025,5.71,5.72,5.65,5.7,5.73,-0.03,-0.5236,157542.78,89603.271
532,600015.SH,20211026,5.71,5.73,5.69,5.7,5.7,0,0,127214.99,72585.087
531,600015.SH,20211027,5.69,5.7,5.61,5.63,5.7,-0.07,-1.2281,189916.51,107096.76
530,600015.SH,20211028,5.63,5.64,5.56,5.57,5.63,-0.06,-1.0657,188476.39,105345.61
529,600015.SH,20211029,5.59,5.63,5.58,5.63,5.57,0.06,1.0772,163360.8,91587
528,600015.SH,20211101,5.61,5.69,5.57,5.64,5.63,0.01,0.1776,258754.19,145880.166
527,600015.SH,20211102,5.65,5.65,5.53,5.56,5.64,-0.08,-1.4184,299495.74,167298.024
526,600015.SH,20211103,5.56,5.58,5.54,5.56,5.56,0,0,133147.38,74018.375
525,600015.SH,20211104,5.56,5.57,5.52,5.54,5.56,-0.02,-0.3597,170260.45,94357.495
524,600015.SH,20211105,5.54,5.54,5.5,5.53,5.54,-0.01,-0.1805,124098.05,68484.233
523,600015.SH,20211108,5.53,5.54,5.5,5.51,5.53,-0.02,-0.3617,111548.13,61543.453
522,600015.SH,20211109,5.52,5.54,5.51,5.52,5.51,0.01,0.1815,111502.1,61552.351
521,600015.SH,20211110,5.52,5.53,5.49,5.52,5.52,0,0,110148,60676.754
520,600015.SH,20211111,5.52,5.59,5.51,5.59,5.52,0.07,1.2681,163292.81,90797.497
519,600015.SH,20211112,5.59,5.59,5.54,5.54,5.59,-0.05,-0.8945,124568.23,69215.664
518,600015.SH,20211115,5.54,5.58,5.54,5.57,5.54,0.03,0.5415,97550.19,54245.99
517,600015.SH,20211116,5.57,5.58,5.53,5.55,5.57,-0.02,-0.3591,106850.4,59405.101
516,600015.SH,20211117,5.54,5.56,5.53,5.54,5.55,-0.01,-0.1802,108965.66,60372.959
515,600015.SH,20211118,5.53,6.08,5.53,5.61,5.54,0.07,1.2635,371387.12,208281.118
514,600015.SH,20211119,5.61,5.63,5.57,5.63,5.61,0.02,0.3565,257140.41,144072.769
513,600015.SH,20211122,5.61,5.63,5.59,5.6,5.63,-0.03,-0.5329,165347.94,92735.23
512,600015.SH,20211123,5.61,5.63,5.6,5.63,5.6,0.03,0.5357,140563.48,79005.203
511,600015.SH,20211124,5.63,5.65,5.6,5.63,5.63,0,0,122441.44,68850.519
510,600015.SH,20211125,5.63,5.69,5.61,5.67,5.63,0.04,0.7105,241904.31,136857.289
509,600015.SH,20211126,5.67,5.71,5.64,5.7,5.67,0.03,0.5291,259126.27,147247.817
508,600015.SH,20211129,5.67,5.75,5.64,5.68,5.7,-0.02,-0.3509,283822.26,161663.909
507,600015.SH,20211130,5.66,5.7,5.62,5.64,5.68,-0.04,-0.7042,241156.53,136302.023
506,600015.SH,20211201,5.63,5.68,5.63,5.67,5.64,0.03,0.5319,157990.29,89369.409
505,600015.SH,20211202,5.67,5.68,5.64,5.66,5.67,-0.01,-0.1764,174083.45,98610.808
504,600015.SH,20211203,5.66,5.7,5.62,5.69,5.66,0.03,0.53,239527.86,135579.372
503,600015.SH,20211206,5.69,5.73,5.66,5.68,5.69,-0.01,-0.1757,250805.04,142861.153
502,600015.SH,20211207,5.7,5.71,5.67,5.7,5.68,0.02,0.3521,240075.57,136664.838
501,600015.SH,20211208,5.7,5.7,5.65,5.67,5.7,-0.03,-0.5263,249155.2,141142.158
500,600015.SH,20211209,5.66,5.75,5.65,5.69,5.67,0.02,0.3527,381025.35,217197.309
499,600015.SH,20211210,5.67,5.69,5.65,5.67,5.69,-0.02,-0.3515,301913.56,171052.784
498,600015.SH,20211213,5.67,5.69,5.63,5.63,5.67,-0.04,-0.7055,314549.01,177832.859
497,600015.SH,20211214,5.63,5.63,5.58,5.58,5.63,-0.05,-0.8881,232591.9,130142.982
496,600015.SH,20211215,5.58,5.6,5.57,5.58,5.58,0,0,108622.24,60696.243
495,600015.SH,20211216,5.59,5.62,5.58,5.61,5.58,0.03,0.5376,136674.51,76528.763
494,600015.SH,20211217,5.6,5.61,5.57,5.58,5.61,-0.03,-0.5348,178808.47,99871.486
493,600015.SH,20211220,5.58,5.59,5.57,5.57,5.58,-0.01,-0.1792,153890,85853.901
492,600015.SH,20211221,5.58,5.63,5.57,5.61,5.57,0.04,0.7181,160412.46,89895.023
491,600015.SH,20211222,5.62,5.63,5.59,5.59,5.61,-0.02,-0.3565,153344.35,85869.643
490,600015.SH,20211223,5.59,5.6,5.58,5.6,5.59,0.01,0.1789,103573.51,57930.479
489,600015.SH,20211224,5.6,5.61,5.57,5.59,5.6,-0.01,-0.1786,172285.69,96208.707
488,600015.SH,20211227,5.58,5.6,5.58,5.59,5.59,0,0,118230.9,66065.71
487,600015.SH,20211228,5.59,5.6,5.58,5.6,5.59,0.01,0.1789,125917.59,70406.399
486,600015.SH,20211229,5.59,5.6,5.58,5.6,5.6,0,0,109675.26,61331.456
485,600015.SH,20211230,5.6,5.61,5.58,5.59,5.6,-0.01,-0.1786,129214.61,72274.831
484,600015.SH,20211231,5.59,5.61,5.58,5.6,5.59,0.01,0.1789,181105.84,101293.498
483,600015.SH,20220104,5.6,5.64,5.58,5.63,5.6,0.03,0.5357,267401.05,150128.761
482,600015.SH,20220105,5.62,5.69,5.62,5.67,5.63,0.04,0.7105,360185.08,203766.769
481,600015.SH,20220106,5.66,5.67,5.64,5.64,5.67,-0.03,-0.5291,203674.05,115111.935
480,600015.SH,20220107,5.64,5.73,5.64,5.7,5.64,0.06,1.0638,371485.63,211523.315
479,600015.SH,20220110,5.71,5.75,5.71,5.74,5.7,0.04,0.7018,325086.42,186231.783
478,600015.SH,20220111,5.74,5.81,5.73,5.75,5.74,0.01,0.1742,346976.85,200200.773
477,600015.SH,20220112,5.76,5.79,5.71,5.77,5.75,0.02,0.3478,295074.69,169719.517
476,600015.SH,20220113,5.77,5.82,5.75,5.78,5.77,0.01,0.1733,271049.62,157093.527
475,600015.SH,20220114,5.77,5.78,5.68,5.69,5.78,-0.09,-1.5571,286693.42,163659.343
474,600015.SH,20220117,5.68,5.74,5.68,5.69,5.69,0,0,151422.52,86381.685
473,600015.SH,20220118,5.69,5.75,5.66,5.75,5.69,0.06,1.0545,345143.86,197004.258
472,600015.SH,20220119,5.73,5.77,5.73,5.76,5.75,0.01,0.1739,281287.18,161793.453
471,600015.SH,20220120,5.76,5.83,5.74,5.78,5.76,0.02,0.3472,408373.59,236387.342
470,600015.SH,20220121,5.78,5.79,5.7,5.74,5.78,-0.04,-0.692,345803.86,198511.477
469,600015.SH,20220124,5.73,5.76,5.7,5.73,5.74,-0.01,-0.1742,204345.21,117163.759
468,600015.SH,20220125,5.73,5.73,5.63,5.63,5.73,-0.1,-1.7452,300671.31,170826.912
467,600015.SH,20220126,5.65,5.68,5.63,5.68,5.63,0.05,0.8881,209177.35,118357.666
466,600015.SH,20220127,5.68,5.7,5.63,5.65,5.68,-0.03,-0.5282,238317.11,134920.606
465,600015.SH,20220128,5.65,5.68,5.63,5.63,5.65,-0.02,-0.354,273812.15,154724.634
464,600015.SH,20220207,5.67,5.78,5.65,5.77,5.63,0.14,2.4867,418950.38,239638.044
463,600015.SH,20220208,5.75,5.84,5.74,5.84,5.77,0.07,1.2132,524835.33,304632.861
462,600015.SH,20220209,5.82,5.86,5.79,5.82,5.84,-0.02,-0.3425,393829.29,229341.231
461,600015.SH,20220210,5.82,5.85,5.79,5.85,5.82,0.03,0.5155,356579.9,207937.66
460,600015.SH,20220211,5.83,5.89,5.82,5.85,5.85,0,0,474005.36,277649.652
459,600015.SH,20220214,5.85,5.85,5.74,5.76,5.85,-0.09,-1.5385,403848.91,233552.346
458,600015.SH,20220215,5.75,5.78,5.71,5.72,5.76,-0.04,-0.6944,265844.35,152566.767
457,600015.SH,20220216,5.74,5.79,5.74,5.75,5.72,0.03,0.5245,228083.01,131532.044
456,600015.SH,20220217,5.75,5.79,5.73,5.73,5.75,-0.02,-0.3478,210645.06,121183.479
455,600015.SH,20220218,5.73,5.79,5.71,5.78,5.73,0.05,0.8726,267897.66,153953.184
454,600015.SH,20220221,5.77,5.77,5.72,5.75,5.78,-0.03,-0.519,363761.56,208902.015
453,600015.SH,20220222,5.74,5.79,5.71,5.74,5.75,-0.01,-0.1739,458738.67,263513.594
452,600015.SH,20220223,5.76,5.78,5.72,5.74,5.74,0,0,391677.24,224895.441
451,600015.SH,20220224,5.72,5.73,5.61,5.63,5.74,-0.11,-1.9164,467760.2,265414.728
450,600015.SH,20220225,5.64,5.67,5.62,5.64,5.63,0.01,0.1776,279129.22,157498.092
449,600015.SH,20220228,5.64,5.64,5.58,5.63,5.64,-0.01,-0.1773,416949.49,234366.543
448,600015.SH,20220301,5.63,5.67,5.62,5.66,5.63,0.03,0.5329,209771.87,118350.051
447,600015.SH,20220302,5.64,5.68,5.63,5.65,5.66,-0.01,-0.1767,247198.35,139631.471
446,600015.SH,20220303,5.66,5.71,5.65,5.69,5.65,0.04,0.708,413942.39,235161.831
445,600015.SH,20220304,5.68,5.69,5.62,5.67,5.69,-0.02,-0.3515,293688.03,166117.335
444,600015.SH,20220307,5.65,5.66,5.59,5.6,5.67,-0.07,-1.2346,271522.67,152796.056
443,600015.SH,20220308,5.6,5.61,5.51,5.52,5.6,-0.08,-1.4286,360994.27,200716.243
442,600015.SH,20220309,5.53,5.54,5.3,5.41,5.52,-0.11,-1.9928,497758.62,270508.375
441,600015.SH,20220310,5.45,5.48,5.41,5.42,5.41,0.01,0.1848,280796.52,152837.352
440,600015.SH,20220311,5.4,5.45,5.32,5.44,5.42,0.02,0.369,320737.69,172128.682
439,600015.SH,20220314,5.39,5.47,5.37,5.37,5.44,-0.07,-1.2868,267395.31,144700.716
438,600015.SH,20220315,5.36,5.36,5.15,5.15,5.37,-0.22,-4.0968,551958.99,289656.322
437,600015.SH,20220316,5.2,5.27,5.1,5.25,5.15,0.1,1.9417,441600.87,228968.321
436,600015.SH,20220317,5.3,5.32,5.25,5.26,5.25,0.01,0.1905,344912.22,182108.48
435,600015.SH,20220318,5.24,5.37,5.23,5.34,5.26,0.08,1.5209,383294.54,203259.727
434,600015.SH,20220321,5.33,5.34,5.27,5.29,5.34,-0.05,-0.9363,240829.01,127688.29
433,600015.SH,20220322,5.28,5.4,5.28,5.37,5.29,0.08,1.5123,287139.6,153709.228
432,600015.SH,20220323,5.37,5.38,5.32,5.36,5.37,-0.01,-0.1862,238103.68,127494.462
431,600015.SH,20220324,5.34,5.38,5.32,5.34,5.36,-0.02,-0.3731,142812.98,76362.548
430,600015.SH,20220325,5.34,5.39,5.33,5.36,5.34,0.02,0.3745,206816.64,110789.142
429,600015.SH,20220328,5.34,5.42,5.28,5.42,5.36,0.06,1.1194,273987.38,147094.461
428,600015.SH,20220329,5.4,5.42,5.37,5.4,5.42,-0.02,-0.369,194065.71,104800.339
427,600015.SH,20220330,5.4,5.48,5.4,5.47,5.4,0.07,1.2963,292093.29,159054.663
426,600015.SH,20220331,5.46,5.59,5.44,5.56,5.47,0.09,1.6453,415912.3,230602.704
425,600015.SH,20220401,5.53,5.64,5.53,5.64,5.56,0.08,1.4388,406517.92,227361.975
424,600015.SH,20220406,5.61,5.75,5.6,5.73,5.64,0.09,1.5957,605930.25,345896.467
423,600015.SH,20220407,5.72,5.76,5.66,5.66,5.73,-0.07,-1.2216,459973.38,262301.096
422,600015.SH,20220408,5.66,5.72,5.62,5.7,5.66,0.04,0.7067,349374.49,197977.171
421,600015.SH,20220411,5.69,5.7,5.61,5.63,5.7,-0.07,-1.2281,284133.62,160615.708
420,600015.SH,20220412,5.64,5.69,5.57,5.66,5.63,0.03,0.5329,321908.75,181474.78
419,600015.SH,20220413,5.63,5.69,5.62,5.63,5.66,-0.03,-0.53,216511.61,122512.388
418,600015.SH,20220414,5.65,5.67,5.63,5.64,5.63,0.01,0.1776,156273.21,88326.722
417,600015.SH,20220415,5.63,5.7,5.61,5.67,5.64,0.03,0.5319,257204.9,145763.369
416,600015.SH,20220418,5.63,5.65,5.55,5.56,5.67,-0.11,-1.94,254523.18,142310.123
415,600015.SH,20220419,5.55,5.61,5.54,5.61,5.56,0.05,0.8993,175933.84,98235.976
414,600015.SH,20220420,5.61,5.63,5.56,5.57,5.61,-0.04,-0.713,207724.19,116226.354
413,600015.SH,20220421,5.55,5.61,5.5,5.53,5.57,-0.04,-0.7181,261867.9,145692.532
412,600015.SH,20220422,5.51,5.64,5.5,5.6,5.53,0.07,1.2658,269828.19,150656.599
411,600015.SH,20220425,5.56,5.62,5.45,5.45,5.6,-0.15,-2.6786,382143.23,211841.482
410,600015.SH,20220426,5.46,5.51,5.38,5.38,5.45,-0.07,-1.2844,303769.85,165384.293
409,600015.SH,20220427,5.37,5.4,5.32,5.38,5.38,0,0,370311.57,198525.82
408,600015.SH,20220428,5.37,5.44,5.32,5.39,5.38,0.01,0.1859,353477.02,190183.475
407,600015.SH,20220429,5.37,5.47,5.34,5.45,5.39,0.06,1.1132,332511.36,179769.195
406,600015.SH,20220505,5.44,5.46,5.37,5.38,5.45,-0.07,-1.2844,404421.25,218504.173
405,600015.SH,20220506,5.33,5.33,5.26,5.26,5.38,-0.12,-2.2305,246121.51,130202.396
404,600015.SH,20220509,5.25,5.28,5.24,5.27,5.26,0.01,0.1901,123775.87,65096.875
403,600015.SH,20220510,5.24,5.28,5.21,5.27,5.27,0,0,338397.73,177527.437
402,600015.SH,20220511,5.26,5.32,5.25,5.27,5.27,0,0,299525.21,158229.044
401,600015.SH,20220512,5.25,5.28,5.24,5.26,5.27,-0.01,-0.1898,193309.4,101647.286
400,600015.SH,20220513,5.27,5.31,5.26,5.31,5.26,0.05,0.9506,172735.53,91470.944
399,600015.SH,20220516,5.3,5.32,5.27,5.3,5.31,-0.01,-0.1883,198168.6,104899.522
398,600015.SH,20220517,5.3,5.32,5.26,5.31,5.3,0.01,0.1887,168076.56,89040.952
397,600015.SH,20220518,5.31,5.31,5.27,5.3,5.31,-0.01,-0.1883,138184.57,73063.538
396,600015.SH,20220519,5.26,5.29,5.24,5.29,5.3,-0.01,-0.1887,145797.18,76848.135
395,600015.SH,20220520,5.3,5.34,5.29,5.33,5.29,0.04,0.7561,268809.6,142959.973
394,600015.SH,20220523,5.34,5.35,5.31,5.32,5.33,-0.01,-0.1876,198549.6,105687.349
393,600015.SH,20220524,5.33,5.33,5.25,5.26,5.32,-0.06,-1.1278,230460.96,121885.869
392,600015.SH,20220525,5.26,5.29,5.25,5.28,5.26,0.02,0.3802,135064.67,71253.831
391,600015.SH,20220526,5.29,5.33,5.27,5.32,5.28,0.04,0.7576,167226.27,88639.535
390,600015.SH,20220527,5.33,5.34,5.29,5.32,5.32,0,0,142715.4,75881.866
389,600015.SH,20220530,5.33,5.34,5.31,5.31,5.32,-0.01,-0.188,160711.45,85589.998
388,600015.SH,20220531,5.32,5.37,5.3,5.32,5.31,0.01,0.1883,283887.69,151534.237
387,600015.SH,20220601,5.33,5.37,5.33,5.36,5.32,0.04,0.7519,218129.56,116644.466
386,600015.SH,20220602,5.35,5.36,5.33,5.36,5.36,0,0,162663.17,86955.933
385,600015.SH,20220606,5.35,5.39,5.34,5.39,5.36,0.03,0.5597,270281.95,145014.382
384,600015.SH,20220607,5.39,5.42,5.37,5.41,5.39,0.02,0.3711,359271.52,194064.551
383,600015.SH,20220608,5.11,5.11,5.04,5.05,5.07,-0.02,-0.3945,460389.16,233182.49
382,600015.SH,20220609,5.05,5.08,5.04,5.07,5.05,0.02,0.396,244246.12,123704.439
381,600015.SH,20220610,5.05,5.09,5.04,5.08,5.07,0.01,0.1972,269544.62,136421.712
380,600015.SH,20220613,5.06,5.09,5.04,5.06,5.08,-0.02,-0.3937,234498.05,118716.036
379,600015.SH,20220614,5.05,5.15,5.04,5.14,5.06,0.08,1.581,300780.06,153191.85
378,600015.SH,20220615,5.14,5.29,5.13,5.22,5.14,0.08,1.5564,525303.56,274721.018
377,600015.SH,20220616,5.22,5.24,5.16,5.18,5.22,-0.04,-0.7663,301644.95,156563.736
376,600015.SH,20220617,5.16,5.2,5.13,5.18,5.18,0,0,203641.43,105314.538
375,600015.SH,20220620,5.17,5.19,5.12,5.13,5.18,-0.05,-0.9653,157693.75,81075.821
374,600015.SH,20220621,5.12,5.17,5.12,5.16,5.13,0.03,0.5848,124898.92,64316.722
373,600015.SH,20220622,5.16,5.16,5.1,5.11,5.16,-0.05,-0.969,135685.1,69551.407
372,600015.SH,20220623,5.12,5.15,5.1,5.15,5.11,0.04,0.7828,141148.06,72406.355
371,600015.SH,20220624,5.15,5.16,5.11,5.14,5.15,-0.01,-0.1942,150653.19,77394.405
370,600015.SH,20220627,5.14,5.16,5.13,5.14,5.14,0,0,146564.36,75374.222
369,600015.SH,20220628,5.15,5.18,5.14,5.17,5.14,0.03,0.5837,140893.05,72675.515
368,600015.SH,20220629,5.17,5.23,5.16,5.19,5.17,0.02,0.3868,192111.53,99831.245
367,600015.SH,20220630,5.19,5.23,5.18,5.21,5.19,0.02,0.3854,160368.24,83482.19
366,600015.SH,20220701,5.21,5.22,5.17,5.19,5.21,-0.02,-0.3839,120331.61,62439.978
365,600015.SH,20220704,5.18,5.19,5.15,5.17,5.19,-0.02,-0.3854,127232.39,65738.628
364,600015.SH,20220705,5.17,5.2,5.15,5.17,5.17,0,0,129831.73,67235.003
363,600015.SH,20220706,5.16,5.17,5.1,5.12,5.17,-0.05,-0.9671,179213.17,91796.262
362,600015.SH,20220707,5.13,5.14,5.1,5.11,5.12,-0.01,-0.1953,105134.87,53823.349
361,600015.SH,20220708,5.12,5.14,5.11,5.12,5.11,0.01,0.1957,62945.36,32250.507
360,600015.SH,20220711,5.12,5.15,5.11,5.13,5.12,0.01,0.1953,135521.82,69560.076
359,600015.SH,20220712,5.14,5.19,5.13,5.18,5.13,0.05,0.9747,167826.57,86775.435
358,600015.SH,20220713,5.18,5.19,5.13,5.14,5.18,-0.04,-0.7722,157013.95,80980.611
357,600015.SH,20220714,5.13,5.14,5.06,5.07,5.14,-0.07,-1.3619,185631.48,94395.455
356,600015.SH,20220715,5.08,5.1,5.02,5.02,5.07,-0.05,-0.9862,192538.17,97522.484
355,600015.SH,20220718,5.03,5.09,5.03,5.08,5.02,0.06,1.1952,151457.09,76880.63
354,600015.SH,20220719,5.09,5.15,5.07,5.14,5.08,0.06,1.1811,177710.88,90928.438
353,600015.SH,20220720,5.15,5.17,5.13,5.15,5.14,0.01,0.1946,104483.84,53821.253
352,600015.SH,20220721,5.16,5.16,5.1,5.1,5.15,-0.05,-0.9709,106602.29,54667.776
351,600015.SH,20220722,5.11,5.17,5.1,5.14,5.1,0.04,0.7843,117832.64,60578.434
350,600015.SH,20220725,5.13,5.16,5.12,5.15,5.14,0.01,0.1946,80223.22,41264.517
349,600015.SH,20220726,5.16,5.18,5.14,5.16,5.15,0.01,0.1942,97561.32,50377.943
348,600015.SH,20220727,5.15,5.16,5.13,5.14,5.16,-0.02,-0.3876,72460.34,37271.417
347,600015.SH,20220728,5.14,5.2,5.13,5.18,5.14,0.04,0.7782,188945.78,97606.078
346,600015.SH,20220729,5.18,5.19,5.11,5.12,5.18,-0.06,-1.1583,138686.36,71358.863
345,600015.SH,20220801,5.12,5.13,5.09,5.1,5.12,-0.02,-0.3906,102679.09,52480.152
344,600015.SH,20220802,5.09,5.09,5.01,5.05,5.1,-0.05,-0.9804,228930.31,115312.337
343,600015.SH,20220803,5.04,5.07,5.01,5.01,5.05,-0.04,-0.7921,147110.05,74177.986
342,600015.SH,20220804,5.03,5.05,5.02,5.03,5.01,0.02,0.3992,81866.34,41199.536
341,600015.SH,20220805,5.05,5.09,5.02,5.08,5.03,0.05,0.994,105479.23,53317.13
340,600015.SH,20220808,5.07,5.09,5.06,5.06,5.08,-0.02,-0.3937,80755.13,40969.37
339,600015.SH,20220809,5.09,5.15,5.09,5.11,5.06,0.05,0.9881,196986.53,101010.801
338,600015.SH,20220810,5.12,5.16,5.12,5.14,5.11,0.03,0.5871,113256.52,58189.796
337,600015.SH,20220811,5.15,5.17,5.11,5.16,5.14,0.02,0.3891,183392.65,94407.044
336,600015.SH,20220812,5.17,5.17,5.14,5.16,5.16,0,0,130548.01,67353.348
335,600015.SH,20220815,5.15,5.15,5.1,5.11,5.16,-0.05,-0.969,192697.25,98686.8
334,600015.SH,20220816,5.11,5.13,5.09,5.1,5.11,-0.01,-0.1957,152668.31,78003.864
333,600015.SH,20220817,5.11,5.15,5.09,5.15,5.1,0.05,0.9804,198131.02,101503.066
332,600015.SH,20220818,5.13,5.14,5.1,5.1,5.15,-0.05,-0.9709,142506.83,72850.594
331,600015.SH,20220819,5.09,5.14,5.09,5.1,5.1,0,0,200028.69,102467.592
330,600015.SH,20220822,5.11,5.12,5.09,5.11,5.1,0.01,0.1961,136132.87,69549.377
329,600015.SH,20220823,5.1,5.11,5.08,5.09,5.11,-0.02,-0.3914,102127.74,51996.944
328,600015.SH,20220824,5.09,5.13,5.08,5.1,5.09,0.01,0.1965,191617.52,97830.707
327,600015.SH,20220825,5.1,5.12,5.08,5.12,5.1,0.02,0.3922,139479.46,71177.53
326,600015.SH,20220826,5.12,5.13,5.1,5.11,5.12,-0.01,-0.1953,132686.3,67845.294
325,600015.SH,20220829,5.09,5.13,5.05,5.12,5.11,0.01,0.1957,227530.52,115882.507
324,600015.SH,20220830,5.12,5.18,5.1,5.13,5.12,0.01,0.1953,301389.81,154960.136
323,600015.SH,20220831,5.13,5.17,5.12,5.14,5.13,0.01,0.1949,269328.56,138823.662
322,600015.SH,20220901,5.16,5.19,5.14,5.16,5.14,0.02,0.3891,260854.94,134934.058
321,600015.SH,20220902,5.18,5.19,5.15,5.15,5.16,-0.01,-0.1938,199908.38,103277.104
320,600015.SH,20220905,5.16,5.22,5.13,5.22,5.15,0.07,1.3592,350588.64,182068.523
319,600015.SH,20220906,5.22,5.24,5.19,5.2,5.22,-0.02,-0.3831,253296.2,132093.827
318,600015.SH,20220907,5.2,5.21,5.16,5.18,5.2,-0.02,-0.3846,174897.78,90581.724
317,600015.SH,20220908,5.19,5.22,5.17,5.19,5.18,0.01,0.1931,265947.11,138411.871
316,600015.SH,20220909,5.21,5.26,5.18,5.24,5.19,0.05,0.9634,308501.34,161429.67
315,600015.SH,20220913,5.27,5.27,5.22,5.23,5.24,-0.01,-0.1908,237470.55,124635.574
314,600015.SH,20220914,5.2,5.22,5.18,5.19,5.23,-0.04,-0.7648,175536.78,91334.442
313,600015.SH,20220915,5.21,5.26,5.2,5.24,5.19,0.05,0.9634,288391.36,151111.249
312,600015.SH,20220916,5.24,5.25,5.13,5.13,5.24,-0.11,-2.0992,272959.98,141058.176
311,600015.SH,20220919,5.13,5.15,5.1,5.14,5.13,0.01,0.1949,326379.4,167236.345
310,600015.SH,20220920,5.15,5.16,5.1,5.11,5.14,-0.03,-0.5837,191089.82,97893.205
309,600015.SH,20220921,5.11,5.15,5.08,5.13,5.11,0.02,0.3914,147374.77,75506.195
308,600015.SH,20220922,5.12,5.13,5.09,5.11,5.13,-0.02,-0.3899,125270.42,63990.376
307,600015.SH,20220923,5.11,5.16,5.1,5.14,5.11,0.03,0.5871,195479.65,100599.937
306,600015.SH,20220926,5.11,5.17,5.06,5.07,5.14,-0.07,-1.3619,289705.66,148304.197
305,600015.SH,20220927,5.07,5.09,5.03,5.09,5.07,0.02,0.3945,165343.08,83705.785
304,600015.SH,20220928,5.07,5.12,5.04,5.08,5.09,-0.01,-0.1965,200605.27,101916.411
303,600015.SH,20220929,5.09,5.1,5.01,5.03,5.08,-0.05,-0.9843,209981.08,105894.232
302,600015.SH,20220930,5.03,5.06,5.03,5.03,5.03,0,0,141194.53,71213.66
301,600015.SH,20221010,5.02,5.07,5.01,5.04,5.03,0.01,0.1988,210567.62,106373.859
300,600015.SH,20221011,5.05,5.08,5.02,5.03,5.04,-0.01,-0.1984,134781.73,67988.388
299,600015.SH,20221012,5.03,5.07,5.02,5.07,5.03,0.04,0.7952,143176.6,72184.646
298,600015.SH,20221013,5.06,5.06,5.02,5.03,5.07,-0.04,-0.789,130982.79,65967.58
297,600015.SH,20221014,5.08,5.1,5.05,5.08,5.03,0.05,0.994,249524.94,126904.056
296,600015.SH,20221017,5.08,5.1,5.05,5.08,5.08,0,0,173806.07,88254.564
295,600015.SH,20221018,5.1,5.1,5.06,5.07,5.08,-0.01,-0.1969,150976.35,76622.797
294,600015.SH,20221019,5.07,5.08,5.03,5.04,5.07,-0.03,-0.5917,139743.73,70605.676
293,600015.SH,20221020,5.04,5.07,5.03,5.06,5.04,0.02,0.3968,155495.81,78508.444
292,600015.SH,20221021,5.06,5.07,5.03,5.03,5.06,-0.03,-0.5929,124705.85,62988.941
291,600015.SH,20221024,5.04,5.04,4.9,4.91,5.03,-0.12,-2.3857,432660.72,214953.335
290,600015.SH,20221025,4.92,4.93,4.85,4.86,4.91,-0.05,-1.0183,303629.47,148180.285
289,600015.SH,20221026,4.87,4.9,4.83,4.85,4.86,-0.01,-0.2058,224202.97,109194.665
288,600015.SH,20221027,4.86,4.88,4.85,4.85,4.85,0,0,165250.49,80392.226
287,600015.SH,20221028,4.85,4.87,4.77,4.8,4.85,-0.05,-1.0309,241256.35,116415.882
286,600015.SH,20221031,4.79,4.85,4.77,4.79,4.8,-0.01,-0.2083,327235.26,157084.642
285,600015.SH,20221101,4.79,4.85,4.78,4.84,4.79,0.05,1.0438,246516.31,118757.636
284,600015.SH,20221102,4.83,4.87,4.81,4.85,4.84,0.01,0.2066,169771.52,82160.17
283,600015.SH,20221103,4.83,4.85,4.81,4.83,4.85,-0.02,-0.4124,140712.44,67973.494
282,600015.SH,20221104,4.83,4.9,4.82,4.9,4.83,0.07,1.4493,210606.32,102654.145
281,600015.SH,20221107,4.89,4.91,4.87,4.91,4.9,0.01,0.2041,166501.23,81475.247
280,600015.SH,20221108,4.9,4.91,4.88,4.9,4.91,-0.01,-0.2037,120947.13,59216.768
279,600015.SH,20221109,4.91,4.92,4.88,4.89,4.9,-0.01,-0.2041,101420.83,49690.083
278,600015.SH,20221110,4.88,4.9,4.86,4.9,4.89,0.01,0.2045,112385.13,54880.881
277,600015.SH,20221111,4.94,5,4.92,4.98,4.9,0.08,1.6327,354622.12,175765.212
276,600015.SH,20221114,4.99,5.05,4.98,5,4.98,0.02,0.4016,350990.9,176229.154
275,600015.SH,20221115,5,5.05,4.98,5.02,5,0.02,0.4,233807.51,117488.549
274,600015.SH,20221116,5.02,5.03,4.98,5,5.02,-0.02,-0.3984,145953.52,72985.303
273,600015.SH,20221117,4.99,5,4.96,4.98,5,-0.02,-0.4,155162.91,77231.879
272,600015.SH,20221118,4.99,4.99,4.94,4.95,4.98,-0.03,-0.6024,174166,86483.55
271,600015.SH,20221121,4.94,4.95,4.91,4.93,4.95,-0.02,-0.404,175494.23,86520.791
270,600015.SH,20221122,4.93,5.07,4.92,5.03,4.93,0.1,2.0284,366201.85,183705.526
269,600015.SH,20221123,5.04,5.15,5.03,5.09,5.03,0.06,1.1928,473219.21,240982.709
268,600015.SH,20221124,5.09,5.12,5.05,5.06,5.09,-0.03,-0.5894,248708.64,126410.835
267,600015.SH,20221125,5.06,5.16,5.06,5.15,5.06,0.09,1.7787,352119.85,180689.127
266,600015.SH,20221128,5.11,5.11,5.03,5.09,5.15,-0.06,-1.165,310011.18,157369.571
265,600015.SH,20221129,5.1,5.27,5.09,5.24,5.09,0.15,2.947,588037.82,305957.68
264,600015.SH,20221130,5.23,5.29,5.21,5.24,5.24,0,0,468792.48,245926.174
263,600015.SH,20221201,5.27,5.28,5.17,5.19,5.24,-0.05,-0.9542,352339.63,183773.07
262,600015.SH,20221202,5.19,5.2,5.13,5.19,5.19,0,0,259472.41,134114.077
261,600015.SH,20221205,5.21,5.34,5.21,5.32,5.19,0.13,2.5048,609477.41,322134.073
260,600015.SH,20221206,5.3,5.37,5.3,5.35,5.32,0.03,0.5639,475280.59,253596.205
259,600015.SH,20221207,5.33,5.39,5.28,5.34,5.35,-0.01,-0.1869,437793.5,233624.606
258,600015.SH,20221208,5.34,5.39,5.33,5.38,5.34,0.04,0.7491,337151.89,181004.713
257,600015.SH,20221209,5.38,5.41,5.3,5.3,5.38,-0.08,-1.487,432431.64,231160.39
256,600015.SH,20221212,5.33,5.34,5.25,5.27,5.3,-0.03,-0.566,302916.66,160466.74
255,600015.SH,20221213,5.29,5.33,5.27,5.31,5.27,0.04,0.759,205146.21,108754.852
254,600015.SH,20221214,5.29,5.33,5.25,5.31,5.31,0,0,208689.1,110401.499
253,600015.SH,20221215,5.3,5.3,5.24,5.24,5.31,-0.07,-1.3183,206966.09,108796.746
252,600015.SH,20221216,5.24,5.31,5.23,5.3,5.24,0.06,1.145,220186.58,116361.111
251,600015.SH,20221219,5.29,5.32,5.2,5.22,5.3,-0.08,-1.5094,226617.22,118864.128
250,600015.SH,20221220,5.21,5.23,5.15,5.17,5.22,-0.05,-0.9579,211490.05,109734.755
249,600015.SH,20221221,5.18,5.22,5.15,5.17,5.17,0,0,149511.95,77529.97
248,600015.SH,20221222,5.2,5.23,5.15,5.17,5.17,0,0,148948.54,77369.912
247,600015.SH,20221223,5.16,5.18,5.12,5.12,5.17,-0.05,-0.9671,120919.5,62241.438
246,600015.SH,20221226,5.13,5.14,5.1,5.12,5.12,0,0,124400.52,63729.734
245,600015.SH,20221227,5.14,5.21,5.13,5.18,5.12,0.06,1.1719,150672.42,78135.563
244,600015.SH,20221228,5.18,5.23,5.16,5.18,5.18,0,0,172618.58,89618.958
243,600015.SH,20221229,5.19,5.19,5.11,5.18,5.18,0,0,199087.84,102766.99
242,600015.SH,20221230,5.19,5.21,5.17,5.19,5.18,0.01,0.1931,126393.05,65654.052
241,600015.SH,20230103,5.2,5.21,5.15,5.21,5.19,0.02,0.3854,207704.4,107883.209
240,600015.SH,20230104,5.21,5.29,5.2,5.27,5.21,0.06,1.1516,288312.36,151629.677
239,600015.SH,20230105,5.28,5.3,5.25,5.27,5.27,0,0,168008.33,88555.109
238,600015.SH,20230106,5.26,5.29,5.23,5.25,5.27,-0.02,-0.3795,142224.38,74701.019
237,600015.SH,20230109,5.25,5.33,5.23,5.28,5.25,0.03,0.5714,247293.41,130532.108
236,600015.SH,20230110,5.28,5.28,5.21,5.21,5.28,-0.07,-1.3258,139352.61,73032.083
235,600015.SH,20230111,5.22,5.24,5.2,5.22,5.21,0.01,0.1919,168100.87,87774.625
234,600015.SH,20230112,5.21,5.22,5.16,5.17,5.22,-0.05,-0.9579,189819.66,98296.616
233,600015.SH,20230113,5.17,5.23,5.16,5.22,5.17,0.05,0.9671,246086.96,127656.302
232,600015.SH,20230116,5.22,5.26,5.18,5.2,5.22,-0.02,-0.3831,403943.17,210670.77
231,600015.SH,20230117,5.2,5.2,5.14,5.17,5.2,-0.03,-0.5769,294314.41,151958.099
230,600015.SH,20230118,5.16,5.25,5.15,5.22,5.17,0.05,0.9671,326135.24,169671.907
229,600015.SH,20230119,5.2,5.22,5.19,5.21,5.22,-0.01,-0.1916,172678.42,89811.9
228,600015.SH,20230120,5.21,5.23,5.2,5.23,5.21,0.02,0.3839,185062.44,96543.78
227,600015.SH,20230130,5.26,5.28,5.23,5.24,5.23,0.01,0.1912,278346.62,146100.591
226,600015.SH,20230131,5.24,5.25,5.21,5.21,5.24,-0.03,-0.5725,207189.25,108357.205
225,600015.SH,20230201,5.22,5.23,5.2,5.22,5.21,0.01,0.1919,191483.95,99845.562
224,600015.SH,20230202,5.24,5.24,5.19,5.19,5.22,-0.03,-0.5747,226202.79,117744.903
223,600015.SH,20230203,5.19,5.2,5.15,5.16,5.19,-0.03,-0.578,304701.43,157418.646
222,600015.SH,20230206,5.17,5.17,5.13,5.14,5.16,-0.02,-0.3876,232976.63,119893.873
221,600015.SH,20230207,5.15,5.16,5.14,5.15,5.14,0.01,0.1946,205572.46,105770.827
220,600015.SH,20230208,5.15,5.16,5.13,5.13,5.15,-0.02,-0.3883,135165.49,69523.401
219,600015.SH,20230209,5.13,5.16,5.13,5.16,5.13,0.03,0.5848,181569.35,93479.65
218,600015.SH,20230210,5.15,5.16,5.14,5.15,5.16,-0.01,-0.1938,181551.85,93486.027
217,600015.SH,20230213,5.15,5.16,5.13,5.14,5.15,-0.01,-0.1942,259521.5,133425.841
216,600015.SH,20230214,5.14,5.16,5.14,5.15,5.14,0.01,0.1946,234706.71,120821.047
215,600015.SH,20230215,5.15,5.16,5.13,5.14,5.15,-0.01,-0.1942,186930.86,96163.738
214,600015.SH,20230216,5.14,5.18,5.12,5.13,5.14,-0.01,-0.1946,322387.05,166172.381
213,600015.SH,20230217,5.13,5.15,5.09,5.09,5.13,-0.04,-0.7797,254133.4,130122.332
212,600015.SH,20230220,5.1,5.18,5.1,5.18,5.09,0.09,1.7682,341814.5,175891.875
211,600015.SH,20230221,5.19,5.21,5.17,5.21,5.18,0.03,0.5792,279248.68,145043.748
210,600015.SH,20230222,5.2,5.21,5.18,5.18,5.21,-0.03,-0.5758,146233.97,75907.198
209,600015.SH,20230223,5.19,5.21,5.18,5.19,5.18,0.01,0.1931,227606.78,118285.601
208,600015.SH,20230224,5.22,5.24,5.2,5.2,5.19,0.01,0.1927,319080.99,166598.282
207,600015.SH,20230227,5.2,5.22,5.18,5.18,5.2,-0.02,-0.3846,213672.52,111079.624
206,600015.SH,20230228,5.19,5.22,5.18,5.22,5.18,0.04,0.7722,223504.19,116212.02
205,600015.SH,20230301,5.21,5.27,5.21,5.26,5.22,0.04,0.7663,276863.6,145259.968
204,600015.SH,20230302,5.26,5.29,5.25,5.29,5.26,0.03,0.5703,250839.44,132291.708
203,600015.SH,20230303,5.29,5.37,5.27,5.36,5.29,0.07,1.3233,421946.28,224838.399
202,600015.SH,20230306,5.35,5.39,5.32,5.32,5.36,-0.04,-0.7463,347322.2,185833.125
201,600015.SH,20230307,5.32,5.51,5.32,5.38,5.32,0.06,1.1278,875681.48,474981.579
200,600015.SH,20230308,5.35,5.38,5.33,5.37,5.38,-0.01,-0.1859,303746.61,162554.335
199,600015.SH,20230309,5.36,5.42,5.35,5.36,5.37,-0.01,-0.1862,279561.52,150317.586
198,600015.SH,20230310,5.33,5.36,5.26,5.28,5.36,-0.08,-1.4925,328574.04,174253.124
197,600015.SH,20230313,5.25,5.31,5.24,5.3,5.28,0.02,0.3788,298991.74,157793.953
196,600015.SH,20230314,5.28,5.29,5.2,5.26,5.3,-0.04,-0.7547,302133.02,158775.644
195,600015.SH,20230315,5.29,5.31,5.27,5.3,5.26,0.04,0.7605,216624.68,114631.552
194,600015.SH,20230316,5.28,5.38,5.26,5.33,5.3,0.03,0.566,408365.59,218309.044
193,600015.SH,20230317,5.35,5.4,5.33,5.34,5.33,0.01,0.1876,338398.59,181476.853
192,600015.SH,20230320,5.35,5.43,5.34,5.35,5.34,0.01,0.1873,424760.07,228615.433
191,600015.SH,20230321,5.36,5.41,5.33,5.35,5.35,0,0,302718.07,162395.212
190,600015.SH,20230322,5.36,5.41,5.34,5.41,5.35,0.06,1.1215,280669.23,151107.182
189,600015.SH,20230323,5.39,5.45,5.38,5.44,5.41,0.03,0.5545,198264.01,107415.744
188,600015.SH,20230324,5.44,5.45,5.4,5.4,5.44,-0.04,-0.7353,285872.26,155153.563
187,600015.SH,20230327,5.41,5.43,5.36,5.37,5.4,-0.03,-0.5556,305053.81,164547.745
186,600015.SH,20230328,5.38,5.44,5.37,5.41,5.37,0.04,0.7449,208729.99,112935.1
185,600015.SH,20230329,5.42,5.44,5.36,5.37,5.41,-0.04,-0.7394,189442.84,101950.295
184,600015.SH,20230330,5.4,5.45,5.36,5.42,5.37,0.05,0.9311,270435.05,145983.375
183,600015.SH,20230331,5.4,5.44,5.37,5.38,5.42,-0.04,-0.738,240001.27,129636.837
182,600015.SH,20230403,5.4,5.42,5.37,5.41,5.38,0.03,0.5576,277363.83,149732.924
181,600015.SH,20230404,5.4,5.46,5.38,5.45,5.41,0.04,0.7394,315971.08,171646.015
180,600015.SH,20230406,5.43,5.44,5.38,5.39,5.45,-0.06,-1.1009,236737.13,127875.94
179,600015.SH,20230407,5.4,5.4,5.36,5.38,5.39,-0.01,-0.1855,192673,103655.489
178,600015.SH,20230410,5.39,5.39,5.35,5.36,5.38,-0.02,-0.3717,194938.67,104582.514
177,600015.SH,20230411,5.36,5.38,5.33,5.37,5.36,0.01,0.1866,202324.54,108459.697
176,600015.SH,20230412,5.38,5.44,5.37,5.42,5.37,0.05,0.9311,295323.65,159979.482
175,600015.SH,20230413,5.42,5.47,5.41,5.44,5.42,0.02,0.369,276516.11,150415.283
174,600015.SH,20230414,5.46,5.48,5.43,5.45,5.44,0.01,0.1838,207237.77,112947.691
173,600015.SH,20230417,5.44,5.58,5.43,5.58,5.45,0.13,2.3853,514697.24,284371.503
172,600015.SH,20230418,5.57,5.7,5.55,5.67,5.58,0.09,1.6129,688206.14,389070.681
171,600015.SH,20230419,5.67,5.81,5.66,5.75,5.67,0.08,1.4109,756953.66,434440.077
170,600015.SH,20230420,5.76,5.8,5.69,5.78,5.75,0.03,0.5217,480841.03,276399.848
169,600015.SH,20230421,5.77,5.9,5.74,5.77,5.78,-0.01,-0.173,659021.8,383914.71
168,600015.SH,20230424,5.76,5.81,5.71,5.73,5.77,-0.04,-0.6932,417379.65,239936.574
167,600015.SH,20230425,5.73,5.9,5.72,5.84,5.73,0.11,1.9197,648573.52,378698.382
166,600015.SH,20230426,5.83,5.84,5.71,5.79,5.84,-0.05,-0.8562,484385.49,280120.643
165,600015.SH,20230427,5.8,5.81,5.73,5.8,5.79,0.01,0.1727,447626.64,258606.106
164,600015.SH,20230428,5.8,5.8,5.71,5.76,5.8,-0.04,-0.6897,557503.48,320725.799
163,600015.SH,20230504,5.73,6.02,5.68,6.01,5.76,0.25,4.3403,1105259.74,651750.887
162,600015.SH,20230505,5.99,6.13,5.96,6.01,6.01,0,0,772149.85,465972.266
161,600015.SH,20230508,6.02,6.41,6,6.3,6.01,0.29,4.8253,1435707.04,897081.468
160,600015.SH,20230509,6.35,6.5,6.29,6.31,6.3,0.01,0.1587,1428409.24,913848.444
159,600015.SH,20230510,6.3,6.31,6.05,6.08,6.31,-0.23,-3.645,870077.86,535432.26
158,600015.SH,20230511,6.14,6.16,6.04,6.07,6.08,-0.01,-0.1645,478086.72,290943.114
157,600015.SH,20230512,6.06,6.09,5.99,6.03,6.07,-0.04,-0.659,424080.23,255723.695
156,600015.SH,20230515,6.01,6.1,5.89,6.07,6.03,0.04,0.6633,572576.5,341811.564
155,600015.SH,20230516,6.08,6.15,6.03,6.07,6.07,0,0,391383.8,238361.562
154,600015.SH,20230517,6.05,6.09,5.97,6.03,6.07,-0.04,-0.659,289696.91,174777.607
153,600015.SH,20230518,6.09,6.39,6.07,6.28,6.03,0.25,4.1459,1283847.01,805486.491
152,600015.SH,20230519,6.25,6.26,6.04,6.07,6.28,-0.21,-3.3439,759157.35,463598.538
151,600015.SH,20230522,6.06,6.1,6,6.03,6.07,-0.04,-0.659,430612.65,260497.426
150,600015.SH,20230523,6.02,6.08,5.92,5.92,6.03,-0.11,-1.8242,420443.89,251470.276
149,600015.SH,20230524,5.89,5.89,5.72,5.75,5.92,-0.17,-2.8716,514825.39,298501.465
148,600015.SH,20230525,5.73,5.76,5.66,5.74,5.75,-0.01,-0.1739,374181.63,213814.898
147,600015.SH,20230526,5.75,5.81,5.69,5.75,5.74,0.01,0.1742,285187.9,163860.473
146,600015.SH,20230529,5.75,5.83,5.75,5.79,5.75,0.04,0.6957,261806.78,151441.987
145,600015.SH,20230530,5.79,5.84,5.74,5.8,5.79,0.01,0.1727,232299.44,134262.6
144,600015.SH,20230531,5.77,5.81,5.74,5.78,5.8,-0.02,-0.3448,194612.99,112315.652
143,600015.SH,20230601,5.77,5.82,5.71,5.73,5.78,-0.05,-0.8651,241177.23,138821.085
142,600015.SH,20230602,5.74,5.78,5.73,5.76,5.73,0.03,0.5236,224221.25,128995.047
141,600015.SH,20230605,5.76,5.91,5.75,5.83,5.76,0.07,1.2153,319532.41,186254.89
140,600015.SH,20230606,5.83,5.92,5.81,5.83,5.83,0,0,359359.86,210829.033
139,600015.SH,20230607,5.84,5.91,5.83,5.9,5.83,0.07,1.2007,214965.29,126304.612
138,600015.SH,20230608,5.9,5.99,5.88,5.99,5.9,0.09,1.5254,335622.59,199614.187
137,600015.SH,20230609,5.98,6.01,5.96,5.97,5.99,-0.02,-0.3339,272535.89,163200.986
136,600015.SH,20230612,5.96,5.97,5.85,5.86,5.97,-0.11,-1.8425,301881.79,177870.36
135,600015.SH,20230613,5.88,5.93,5.86,5.93,5.86,0.07,1.1945,256662.03,151440.389
134,600015.SH,20230614,5.92,5.94,5.81,5.81,5.93,-0.12,-2.0236,306602.33,179703.532
133,600015.SH,20230615,5.83,5.86,5.8,5.83,5.81,0.02,0.3442,211660.6,123267.745
132,600015.SH,20230616,5.84,5.86,5.81,5.84,5.83,0.01,0.1715,247130.07,144301.087
131,600015.SH,20230619,5.85,5.89,5.82,5.83,5.84,-0.01,-0.1712,419790.22,245921.901
130,600015.SH,20230620,5.82,5.83,5.77,5.77,5.83,-0.06,-1.0292,327087.7,189605.651
129,600015.SH,20230621,5.41,5.48,5.38,5.38,5.39,-0.01,-0.1855,324022.82,175744.982
128,600015.SH,20230626,5.37,5.38,5.27,5.29,5.38,-0.09,-1.6729,316215.07,167822.709
127,600015.SH,20230627,5.29,5.38,5.28,5.35,5.29,0.06,1.1342,171396.16,91537.488
126,600015.SH,20230628,5.35,5.4,5.34,5.37,5.35,0.02,0.3738,147151.01,78984.819
125,600015.SH,20230629,5.37,5.43,5.35,5.4,5.37,0.03,0.5587,151422.91,81670.872
124,600015.SH,20230630,5.4,5.44,5.39,5.41,5.4,0.01,0.1852,130536.48,70720.895
123,600015.SH,20230703,5.42,5.49,5.41,5.48,5.41,0.07,1.2939,204473.35,111435.409
122,600015.SH,20230704,5.47,5.47,5.37,5.4,5.48,-0.08,-1.4599,237066.41,128178.666
121,600015.SH,20230705,5.41,5.41,5.36,5.39,5.4,-0.01,-0.1852,145945.18,78630.76
120,600015.SH,20230706,5.39,5.4,5.3,5.32,5.39,-0.07,-1.2987,230836.27,123233.757
119,600015.SH,20230707,5.31,5.39,5.3,5.37,5.32,0.05,0.9398,172498.15,92405.434
118,600015.SH,20230710,5.39,5.4,5.35,5.36,5.37,-0.01,-0.1862,112463.03,60421.331
117,600015.SH,20230711,5.38,5.42,5.37,5.4,5.36,0.04,0.7463,136574.56,73702.078
116,600015.SH,20230712,5.41,5.44,5.38,5.39,5.4,-0.01,-0.1852,127294.64,68934.475
115,600015.SH,20230713,5.41,5.49,5.4,5.49,5.39,0.1,1.8553,216749.74,118255.415
114,600015.SH,20230714,5.49,5.55,5.46,5.52,5.49,0.03,0.5464,156933.26,86552.551
113,600015.SH,20230717,5.51,5.52,5.46,5.5,5.52,-0.02,-0.3623,110154.25,60367.572
112,600015.SH,20230718,5.5,5.52,5.46,5.47,5.5,-0.03,-0.5455,110249.36,60409.627
111,600015.SH,20230719,5.47,5.54,5.45,5.52,5.47,0.05,0.9141,142034.44,78082.56
110,600015.SH,20230720,5.54,5.57,5.51,5.52,5.52,0,0,141158.44,78256.247
109,600015.SH,20230721,5.53,5.55,5.51,5.54,5.52,0.02,0.3623,123799.02,68471.031
108,600015.SH,20230724,5.52,5.56,5.51,5.54,5.54,0,0,136835.14,75787.653
107,600015.SH,20230725,5.56,5.62,5.55,5.61,5.54,0.07,1.2635,253206.88,141548.556
106,600015.SH,20230726,5.6,5.62,5.56,5.59,5.61,-0.02,-0.3565,208224.83,116452.627
105,600015.SH,20230727,5.6,5.68,5.59,5.62,5.59,0.03,0.5367,244947.61,138199.981
104,600015.SH,20230728,5.63,5.77,5.61,5.77,5.62,0.15,2.669,393037.59,224632.794
103,600015.SH,20230731,5.78,5.84,5.74,5.8,5.77,0.03,0.5199,404450.06,234128.624
102,600015.SH,20230801,5.8,5.83,5.75,5.8,5.8,0,0,308699.82,178795.979
101,600015.SH,20230802,5.78,5.81,5.71,5.73,5.8,-0.07,-1.2069,300884.85,172805.849
100,600015.SH,20230803,5.74,5.8,5.7,5.78,5.73,0.05,0.8726,278362.71,160089.774
99,600015.SH,20230804,5.81,5.86,5.77,5.79,5.78,0.01,0.173,297080.12,172743.918
98,600015.SH,20230807,5.77,5.77,5.69,5.72,5.79,-0.07,-1.209,241005.04,137823.095
97,600015.SH,20230808,5.72,5.78,5.69,5.73,5.72,0.01,0.1748,199678.51,114500.556
96,600015.SH,20230809,5.74,5.77,5.72,5.73,5.73,0,0,170906.6,98127.433
95,600015.SH,20230810,5.74,5.76,5.69,5.75,5.73,0.02,0.349,182325.66,104399.273
94,600015.SH,20230811,5.74,5.76,5.6,5.6,5.75,-0.15,-2.6087,266750.94,151027.248
93,600015.SH,20230814,5.58,5.6,5.51,5.58,5.6,-0.02,-0.3571,244402.95,135983.843
92,600015.SH,20230815,5.58,5.66,5.57,5.64,5.58,0.06,1.0753,173331.87,97368.157
91,600015.SH,20230816,5.62,5.68,5.59,5.65,5.64,0.01,0.1773,165523.91,93393.871
90,600015.SH,20230817,5.63,5.64,5.53,5.57,5.65,-0.08,-1.4159,259208.25,144561.311
89,600015.SH,20230818,5.57,5.65,5.56,5.58,5.57,0.01,0.1795,205189.17,115101.159
88,600015.SH,20230821,5.6,5.62,5.51,5.52,5.58,-0.06,-1.0753,247084.57,137382.028
87,600015.SH,20230822,5.53,5.59,5.52,5.58,5.52,0.06,1.087,184818.19,102681.48
86,600015.SH,20230823,5.58,5.63,5.56,5.57,5.58,-0.01,-0.1792,203389.36,113826.295
85,600015.SH,20230824,5.57,5.59,5.51,5.51,5.57,-0.06,-1.0772,201921.56,111728.56
84,600015.SH,20230825,5.51,5.6,5.5,5.58,5.51,0.07,1.2704,223392.87,124407.904
83,600015.SH,20230828,5.85,5.88,5.76,5.8,5.58,0.22,3.9427,1030203.7,599551.221
82,600015.SH,20230829,5.78,5.81,5.63,5.64,5.8,-0.16,-2.7586,677678.57,384402.679
81,600015.SH,20230830,5.64,5.65,5.59,5.61,5.64,-0.03,-0.5319,293046.94,164440.351
80,600015.SH,20230831,5.6,5.65,5.54,5.54,5.61,-0.07,-1.2478,261333.89,145995.02
79,600015.SH,20230901,5.55,5.61,5.54,5.57,5.54,0.03,0.5415,198403.4,110749.578
78,600015.SH,20230904,5.59,5.67,5.58,5.64,5.57,0.07,1.2567,317734.29,179250.062
77,600015.SH,20230905,5.64,5.64,5.58,5.6,5.64,-0.04,-0.7092,205661.95,115137.752
76,600015.SH,20230906,5.59,5.6,5.54,5.59,5.6,-0.01,-0.1786,189029.08,105362.059
75,600015.SH,20230907,5.58,5.62,5.56,5.56,5.59,-0.03,-0.5367,162362.66,90679.527
74,600015.SH,20230908,5.56,5.58,5.54,5.55,5.56,-0.01,-0.1799,117723.67,65460.921
73,600015.SH,20230911,5.57,5.61,5.55,5.59,5.55,0.04,0.7207,192212,107370.725
72,600015.SH,20230912,5.58,5.61,5.56,5.57,5.59,-0.02,-0.3578,177152.32,98850.224
71,600015.SH,20230913,5.58,5.59,5.54,5.58,5.57,0.01,0.1795,224395.75,124972.172
70,600015.SH,20230914,5.58,5.63,5.56,5.62,5.58,0.04,0.7168,358417.74,200858.486
69,600015.SH,20230915,5.63,5.7,5.61,5.63,5.62,0.01,0.1779,460300.9,260117.573
68,600015.SH,20230918,5.63,5.63,5.56,5.6,5.63,-0.03,-0.5329,247417.23,138357.224
67,600015.SH,20230919,5.59,5.68,5.58,5.67,5.6,0.07,1.25,395752.83,223229.321
66,600015.SH,20230920,5.68,5.7,5.65,5.69,5.67,0.02,0.3527,261166.93,148520.762
65,600015.SH,20230921,5.7,5.72,5.65,5.66,5.69,-0.03,-0.5272,285494.29,162248.249
64,600015.SH,20230922,5.67,5.69,5.63,5.68,5.66,0.02,0.3534,265782.24,150465.525
63,600015.SH,20230925,5.68,5.74,5.66,5.73,5.68,0.05,0.8803,379212.53,216717.068
62,600015.SH,20230926,5.73,5.77,5.72,5.76,5.73,0.03,0.5236,284570.95,163551.559
61,600015.SH,20230927,5.77,5.78,5.7,5.72,5.76,-0.04,-0.6944,265972.89,152488.475
60,600015.SH,20230928,5.73,5.75,5.71,5.72,5.72,0,0,227765.51,130429.333
59,600015.SH,20231009,5.69,5.71,5.61,5.68,5.72,-0.04,-0.6993,293476.98,166275.228
58,600015.SH,20231010,5.66,5.71,5.65,5.65,5.68,-0.03,-0.5282,232090.33,131522.369
57,600015.SH,20231011,5.66,5.67,5.6,5.61,5.65,-0.04,-0.708,277853.61,156566.902
56,600015.SH,20231012,5.67,5.74,5.66,5.71,5.61,0.1,1.7825,347171.9,198148.253
55,600015.SH,20231013,5.69,5.8,5.68,5.75,5.71,0.04,0.7005,339549.12,195374.766
54,600015.SH,20231016,5.76,5.77,5.7,5.76,5.75,0.01,0.1739,209684.58,120328.848
53,600015.SH,20231017,5.75,5.8,5.74,5.77,5.76,0.01,0.1736,194800.08,112454.039
52,600015.SH,20231018,5.77,5.81,5.73,5.74,5.77,-0.03,-0.5199,243563.29,140653.661
51,600015.SH,20231019,5.73,5.75,5.57,5.62,5.74,-0.12,-2.0906,358243.84,202618.165
50,600015.SH,20231020,5.62,5.66,5.58,5.61,5.62,-0.01,-0.1779,272511.2,153045.24
49,600015.SH,20231023,5.61,5.64,5.55,5.58,5.61,-0.03,-0.5348,226321.09,126653.359
48,600015.SH,20231024,5.58,5.6,5.51,5.52,5.58,-0.06,-1.0753,298179.45,165221.139
47,600015.SH,20231025,5.55,5.6,5.5,5.59,5.52,0.07,1.2681,293803.35,163184.176
46,600015.SH,20231026,5.57,5.69,5.56,5.68,5.59,0.09,1.61,311587.63,176111.388
45,600015.SH,20231027,5.67,5.72,5.63,5.65,5.68,-0.03,-0.5282,225902.35,127977.177
44,600015.SH,20231030,5.66,5.66,5.54,5.55,5.65,-0.1,-1.7699,400468.26,223566.172
43,600015.SH,20231031,5.56,5.61,5.54,5.6,5.55,0.05,0.9009,272977.7,152368.627
42,600015.SH,20231101,5.61,5.65,5.6,5.63,5.6,0.03,0.5357,245744.34,138249.647
41,600015.SH,20231102,5.63,5.72,5.62,5.69,5.63,0.06,1.0657,292596.8,166415.39
40,600015.SH,20231103,5.7,5.71,5.62,5.63,5.69,-0.06,-1.0545,260814.94,147360.074
39,600015.SH,20231106,5.65,5.66,5.57,5.59,5.63,-0.04,-0.7105,465959.65,260985.161
38,600015.SH,20231107,5.58,5.61,5.55,5.58,5.59,-0.01,-0.1789,266922.5,148948.251
37,600015.SH,20231108,5.58,5.6,5.55,5.57,5.58,-0.01,-0.1792,228971.13,127468.225
36,600015.SH,20231109,5.57,5.62,5.55,5.59,5.57,0.02,0.3591,227138.68,126958.091
35,600015.SH,20231110,5.58,5.6,5.55,5.56,5.59,-0.03,-0.5367,167039.11,92954.603
34,600015.SH,20231113,5.56,5.58,5.5,5.53,5.56,-0.03,-0.5396,256075.82,141381.94
33,600015.SH,20231114,5.53,5.59,5.53,5.58,5.53,0.05,0.9042,224727.28,125230.77
32,600015.SH,20231115,5.59,5.62,5.57,5.59,5.58,0.01,0.1792,176335,98650.215
31,600015.SH,20231116,5.59,5.63,5.57,5.6,5.59,0.01,0.1789,194248,108836.848
30,600015.SH,20231117,5.6,5.6,5.55,5.56,5.6,-0.04,-0.7143,180017.2,100284.11
29,600015.SH,20231120,5.58,5.6,5.55,5.59,5.56,0.03,0.5396,168741.77,94208.043
28,600015.SH,20231121,5.61,5.68,5.59,5.63,5.59,0.04,0.7156,321977.57,181668.501
27,600015.SH,20231122,5.64,5.72,5.63,5.67,5.63,0.04,0.7105,317159.78,180316.408
26,600015.SH,20231123,5.67,5.69,5.64,5.66,5.67,-0.01,-0.1764,170459.39,96505.607
25,600015.SH,20231124,5.66,5.71,5.65,5.7,5.66,0.04,0.7067,227344.05,129323.457
24,600015.SH,20231127,5.71,5.75,5.67,5.73,5.7,0.03,0.5263,460014.1,263253.709
23,600015.SH,20231128,5.74,5.76,5.7,5.74,5.73,0.01,0.1745,410073.69,235409.187
22,600015.SH,20231129,5.75,5.84,5.73,5.75,5.74,0.01,0.1742,401637.63,232067.5
21,600015.SH,20231130,5.75,5.82,5.73,5.8,5.75,0.05,0.8696,354141.37,205170.894
20,600015.SH,20231201,5.81,5.85,5.79,5.83,5.8,0.03,0.5172,369089.35,215160.125
19,600015.SH,20231204,5.84,5.91,5.83,5.89,5.83,0.06,1.0292,398615.16,234821.064
18,600015.SH,20231205,5.9,5.9,5.8,5.82,5.89,-0.07,-1.1885,366182.6,214418.792
17,600015.SH,20231206,5.82,5.85,5.74,5.76,5.82,-0.06,-1.0309,362053.46,209262.953
16,600015.SH,20231207,5.75,5.85,5.71,5.83,5.76,0.07,1.2153,550899.94,319470.463
15,600015.SH,20231208,5.82,5.87,5.68,5.68,5.83,-0.15,-2.5729,781161.3,452855.142
14,600015.SH,20231211,5.71,5.84,5.62,5.83,5.68,0.15,2.6408,658086.56,378598.978
13,600015.SH,20231212,5.8,5.88,5.75,5.82,5.83,-0.01,-0.1715,304218.1,177257.765
12,600015.SH,20231213,5.82,5.87,5.8,5.81,5.82,-0.01,-0.1718,206177.46,120220.874
11,600015.SH,20231214,5.82,5.82,5.74,5.76,5.81,-0.05,-0.8606,204103.93,117716.491
10,600015.SH,20231215,5.76,5.79,5.7,5.71,5.76,-0.05,-0.8681,212419.21,121947.188
9,600015.SH,20231218,5.71,5.81,5.68,5.77,5.71,0.06,1.0508,281222.58,162499.175
8,600015.SH,20231219,5.77,5.79,5.73,5.78,5.77,0.01,0.1733,222963.38,128586.733
7,600015.SH,20231220,5.78,5.81,5.74,5.75,5.78,-0.03,-0.519,189593.48,109553.977
6,600015.SH,20231221,5.75,5.75,5.69,5.73,5.75,-0.02,-0.3478,350055.37,200242.936
5,600015.SH,20231222,5.74,5.78,5.71,5.74,5.73,0.01,0.1745,295790.94,169949.308
4,600015.SH,20231225,5.73,5.75,5.69,5.75,5.74,0.01,0.1742,254958.7,145944.9
3,600015.SH,20231226,5.74,5.78,5.72,5.75,5.75,0,0,218355.95,125647.414
2,600015.SH,20231227,5.73,5.76,5.71,5.75,5.75,0,0,199740.87,114554.474
1,600015.SH,20231228,5.74,5.78,5.66,5.67,5.75,-0.08,-1.3913,594932.32,338891.453
0,600015.SH,20231229,5.66,5.67,5.61,5.62,5.67,-0.05,-0.8818,447887.64,252179.953
